SYMBOL,SERIES,TIMESTAMP,ISIN
20MICRONS,EQ,2022-10-13,INE144J01027
21STCENMGM,EQ,2022-10-13,INE253B01015
3IINFOLTD,EQ,2022-10-13,INE748C01038
3MINDIA,EQ,2022-10-13,INE470A01017
3PLAND,EQ,2022-10-13,INE105C01023
4THDIM,EQ,2022-10-13,INE382T01022
5PAISA,EQ,2022-10-13,INE618L01018
63MOONS,EQ,2022-10-13,INE111B01023
A2ZINFRA,EQ,2022-10-13,INE619I01012
AAKASH,EQ,2022-10-13,INE087Z01024
AAREYDRUGS,EQ,2022-10-13,INE198H01019
AARON,BE,2022-10-13,INE721Z01010
AARTIDRUGS,EQ,2022-10-13,INE216A01030
AARTIIND,N3,2022-10-13,INE216A08027
AARTISURF,EQ,2022-10-13,INE001A01036
AARVEEDEN,W3,2022-10-13,INE001A13049
AARVI,EQ,2022-10-13,INE031A01017
AAVAS,N2,2022-10-13,INE031A07840
ABAN,N5,2022-10-13,INE031A07865
ABB,N8,2022-10-13,INE031A07AO5
ABBOTINDIA,N9,2022-10-13,INE031A07AT4
ABCAPITAL,ND,2022-10-13,INE031A07949
ABFRL,NE,2022-10-13,INE031A07AB2
ABMINTLLTD,EQ,2022-10-13,INE148I01020
ABSLAMC,NA,2022-10-13,INE148I07GL3
ACC,NC,2022-10-13,INE148I08231
ACCELYA,NE,2022-10-13,INE148I08256
ACCURACY,NF,2022-10-13,INE148I08272
ACE,NN,2022-10-13,INE148I07KH3
ACRYSIL,NY,2022-10-13,INE148I07KR2
ADANIENT,YA,2022-10-13,INE148I07LC2
ADANIGREEN,YC,2022-10-13,INE148I07LE8
ADANIPORTS,YK,2022-10-13,INE148I07LL3
ADANIPOWER,YV,2022-10-13,INE148I07LW0
ADANITRANS,YX,2022-10-13,INE148I07LZ3
ADFFOODS,YZ,2022-10-13,INE148I07MH9
ADL,EQ,2022-10-13,INE039A01010
ADORWELD,NH,2022-10-13,INE039A07801
ADROITINFO,EQ,2022-10-13,INE530B01024
ADSL,N6,2022-10-13,INE866I08279
ADVANIHOTR,N9,2022-10-13,INE866I07CK1
ADVENZYMES,NC,2022-10-13,INE866I08303
AEGISCHEM,NE,2022-10-13,INE530B08094
AETHER,NF,2022-10-13,INE530B08102
AFFLE,NL,2022-10-13,INE530B07161
AGARIND,NM,2022-10-13,INE530B07179
AGI,EQ,2022-10-13,INE053F01010
AGRITECH,N9,2022-10-13,INE053F07678
AGROPHOS,NA,2022-10-13,INE053F07686
AGSTRA,NB,2022-10-13,INE053F07710
AHLADA,ND,2022-10-13,INE053F07736
AHLEAST,NE,2022-10-13,INE053F07744
AHLUCONT,NI,2022-10-13,INE053F07827
AIAENG,NJ,2022-10-13,INE053F07835
AIRAN,NK,2022-10-13,INE053F07843
AIROLAM,NN,2022-10-13,INE053F07892
AJANTPHARM,NO,2022-10-13,INE053F07900
AJMERA,EQ,2022-10-13,INE774D01024
AJOONI,N2,2022-10-13,INE774D08MA6
AJRINFRA,EQ,2022-10-13,INE848E01016
AKASH,N5,2022-10-13,INE848E07559
AKG,N6,2022-10-13,INE848E07567
AKSHAR,EQ,2022-10-13,INE733E01010
AKSHARCHEM,N4,2022-10-13,INE733E07JH3
AKSHOPTFBR,N5,2022-10-13,INE733E07JI1
AKZOINDIA,N7,2022-10-13,INE733E07JP6
ALANKIT,NB,2022-10-13,INE733E07JU6
ALBERTDAVD,ND,2022-10-13,INE733E07JW2
ALEMBICLTD,EQ,2022-10-13,INE134E01011
ALICON,N3,2022-10-13,INE134E07588
ALKALI,N5,2022-10-13,INE134E07208
ALKEM,N6,2022-10-13,INE134E07422
ALKYLAMINE,N8,2022-10-13,INE134E07463
ALLCARGO,EQ,2022-10-13,INE511C01022
ALLSEC,N7,2022-10-13,INE511C07714
ALMONDZ,EQ,2022-10-13,INE020B01018
ALOKINDS,N1,2022-10-13,INE020B07GW6
ALPA,N2,2022-10-13,INE020B07GX4
ALPHAGEO,N3,2022-10-13,INE020B07GY2
ALPSINDUS,N5,2022-10-13,INE020B07HO1
AMARAJABAT,N8,2022-10-13,INE020B07HR4
AMBER,N9,2022-10-13,INE020B07HS2
AMBICAAGAR,NE,2022-10-13,INE020B07IF7
AMBIKCO,NH,2022-10-13,INE020B07JU4
AMBUJACEM,NI,2022-10-13,INE020B07GH7
AMDIND,BE,2022-10-13,INE217K01011
AMIORG,N6,2022-10-13,INE217K07AG5
AMJLAND,N8,2022-10-13,INE217K08289
AMRUTANJAN,EQ,2022-10-13,INE721A01013
ANANDRATHI,YH,2022-10-13,INE721A07NT3
ANANTRAJ,YI,2022-10-13,INE721A07NU1
ANDHRAPAP,YK,2022-10-13,INE721A07NW7
ANDHRSUGAR,YL,2022-10-13,INE721A07NX5
ANDREWYU,YO,2022-10-13,INE721A07OB9
ANGELONE,YR,2022-10-13,INE721A07OE3
ANIKINDS,YS,2022-10-13,INE721A07OF0
ANKITMETAL,YV,2022-10-13,INE721A07OM6
ANMOL,YY,2022-10-13,INE721A07OP9
ANSALAPI,YZ,2022-10-13,INE721A07OQ7
ANTGRAPHIC,ZD,2022-10-13,INE721A07PI1
ANUP,ZF,2022-10-13,INE721A07PK7
ANURAS,ZI,2022-10-13,INE721A07PN1
APARINDS,EQ,2022-10-13,INE583D01011
APCL,N1,2022-10-13,INE583D07174
APCOTEXIND,N4,2022-10-13,INE583D07265
APEX,N5,2022-10-13,INE583D07299
APLAPOLLO,N7,2022-10-13,INE583D07315
APLLTD,EQ,2022-10-13,INE767A01016
APOLLO,EQ,2022-10-13,INE769A01020
APOLLOHOSP,EQ,2022-10-13,INE09EO01013
APOLLOPIPE,EQ,2022-10-13,INE273D01019
APOLLOTYRE,EQ,2022-10-13,INE754X01016
APOLSINHOT,EQ,2022-10-13,INE216P01012
APTECHT,EQ,2022-10-13,INE421A01028
APTUS,EQ,2022-10-13,INE117A01022
ARCHIDPLY,EQ,2022-10-13,INE358A01014
ARCHIES,EQ,2022-10-13,INE674K01013
ARENTERP,EQ,2022-10-13,INE647O01011
ARIES,BE,2022-10-13,INE251C01025
ARIHANTCAP,EQ,2022-10-13,INE404A01024
ARIHANTSUP,EQ,2022-10-13,INE012A01025
ARMANFIN,EQ,2022-10-13,INE793A01012
AROGRANITE,EQ,2022-10-13,INE648Z01015
ARROWGREEN,EQ,2022-10-13,INE731H01025
ARSHIYA,EQ,2022-10-13,INE482D01024
ARSSINFRA,EQ,2022-10-13,INE423A01024
ARTEMISMED,EQ,2022-10-13,INE364U01010
ARTNIRMAN,EQ,2022-10-13,INE742F01042
ARVEE,BE,2022-10-13,INE814H01011
ARVIND,EQ,2022-10-13,INE931S01010
ARVINDFASN,EQ,2022-10-13,INE982B01019
ARVSMART,BE,2022-10-13,INE0CHO01012
ASAHIINDIA,EQ,2022-10-13,INE045A01017
ASAHISONG,EQ,2022-10-13,INE737B01033
ASAL,EQ,2022-10-13,INE102I01027
ASALCBR,EQ,2022-10-13,INE199C01026
ASHAPURMIN,EQ,2022-10-13,INE837H01020
ASHIANA,EQ,2022-10-13,INE208C01025
ASHIMASYN,EQ,2022-10-13,INE0BWX01014
ASHOKA,EQ,2022-10-13,INE00WC01027
ASHOKLEY,EQ,2022-10-13,INE204E01012
ASIANENE,EQ,2022-10-13,INE415A01038
ASIANHOTNR,EQ,2022-10-13,INE449G01018
ASIANPAINT,EQ,2022-10-13,INE740V01019
ASIANTILES,EQ,2022-10-13,INE583L01014
ASPINWALL,BE,2022-10-13,INE00PV01013
ASTEC,BE,2022-10-13,INE926K01017
ASTERDM,EQ,2022-10-13,INE758C01029
ASTRAL,EQ,2022-10-13,INE212H01026
ASTRAMICRO,EQ,2022-10-13,INE645W01026
ASTRAZEN,EQ,2022-10-13,INE801L01010
ASTRON,EQ,2022-10-13,INE031B01049
ATFL,EQ,2022-10-13,INE298G01027
ATGL,EQ,2022-10-13,INE820Y01021
ATLANTA,EQ,2022-10-13,INE181G01025
ATUL,EQ,2022-10-13,INE737W01013
ATULAUTO,BE,2022-10-13,INE00Y801016
AUBANK,EQ,2022-10-13,INE256Z01017
AURIONPRO,EQ,2022-10-13,INE542B01011
AUROPHARMA,EQ,2022-10-13,INE523B01011
AURUM,EQ,2022-10-13,INE133A01011
AUSOMENT,EQ,2022-10-13,INE914E01040
AUTOAXLES,EQ,2022-10-13,INE155C01010
AUTOIND,EQ,2022-10-13,INE426A01027
AVADHSUGAR,EQ,2022-10-13,INE062D01024
AVANTIFEED,EQ,2022-10-13,INE773I01017
AVROIND,EQ,2022-10-13,INE540L01014
AVTNPL,EQ,2022-10-13,INE150B01039
AWHCL,EQ,2022-10-13,INE418H01029
AWL,EQ,2022-10-13,INE835G01018
AXISBANK,EQ,2022-10-13,INE326B01027
AXISCADES,BE,2022-10-13,INE270A01029
AXITA,EQ,2022-10-13,INE385I01010
AYMSYNTEX,EQ,2022-10-13,INE137C01018
BAFNAPH,EQ,2022-10-13,INE093B01015
BAGFILMS,EQ,2022-10-13,INE885A01032
BAJAJ-AUTO,EQ,2022-10-13,INE371P01015
BAJAJCON,BE,2022-10-13,INE792B01012
BAJAJELEC,EQ,2022-10-13,INE540G01014
BAJAJFINSV,EQ,2022-10-13,INE079A01024
BAJAJHCARE,BE,2022-10-13,INE005I01014
BAJAJHIND,EQ,2022-10-13,INE00FF01017
BAJAJHLDNG,EQ,2022-10-13,INE606A01024
BAJFINANCE,EQ,2022-10-13,INE098F01031
BALAJITELE,EQ,2022-10-13,INE463V01026
BALAMINES,EQ,2022-10-13,INE242C01024
BALAXI,EQ,2022-10-13,INE435A01028
BALKRISHNA,EQ,2022-10-13,INE715B01021
BALKRISIND,EQ,2022-10-13,INE449C01025
BALMLAWRIE,EQ,2022-10-13,INE732I01013
BALPHARMA,EQ,2022-10-13,INE087B01017
BALRAMCHIN,EQ,2022-10-13,INE106I01010
BANARBEADS,EQ,2022-10-13,INE02AR01019
BANARISUG,BE,2022-10-13,INE436A01026
BANCOINDIA,EQ,2022-10-13,INE414B01021
BANDHANBNK,EQ,2022-10-13,INE294Z01018
BANG,EQ,2022-10-13,INE930P01018
BANKA,EQ,2022-10-13,INE372A01015
BANKBARODA,EQ,2022-10-13,INE071F01012
BANKINDIA,EQ,2022-10-13,INE116A01032
BANSWRAS,EQ,2022-10-13,INE346W01013
BARBEQUE,EQ,2022-10-13,INE702C01027
BARTRONICS,EQ,2022-10-13,INE901L01018
BASF,EQ,2022-10-13,INE713T01010
BASML,EQ,2022-10-13,INE437A01024
BATAINDIA,EQ,2022-10-13,INE126J01016
BAYERCROP,EQ,2022-10-13,INE438A01022
BBL,EQ,2022-10-13,INE451F01024
BBOX,EQ,2022-10-13,INE266F01018
BBTC,EQ,2022-10-13,INE852O01025
BCG,EQ,2022-10-13,INE877I01016
BCLIND,EQ,2022-10-13,INE731A01020
BCONCEPTS,EQ,2022-10-13,INE610C01014
BCP,EQ,2022-10-13,INE298I01015
BDL,EQ,2022-10-13,INE420B01036
BEARDSELL,EQ,2022-10-13,INE643K01018
BECTORFOOD,EQ,2022-10-13,INE109C01017
BEDMUTHA,EQ,2022-10-13,INE210C01013
BEL,BE,2022-10-13,INE570D01018
BEML,EQ,2022-10-13,INE968D01022
BEPL,BE,2022-10-13,INE267I01010
BERGEPAINT,EQ,2022-10-13,INE025R01021
BESTAGRO,EQ,2022-10-13,INE738V01013
BFINVEST,EQ,2022-10-13,INE006Z01016
BFUTILITIE,EQ,2022-10-13,INE034A01011
BGRENERGY,EQ,2022-10-13,INE955V01021
BHAGCHEM,EQ,2022-10-13,INE034S01021
BHAGERIA,EQ,2022-10-13,INE439A01020
BHAGYANGR,EQ,2022-10-13,INE228I01012
BHAGYAPROP,EQ,2022-10-13,INE900C01027
BHANDARI,EQ,2022-10-13,INE073G01016
BHARATFORG,EQ,2022-10-13,INE348A01023
BHARATGEAR,EQ,2022-10-13,INE365D01021
BHARATRAS,EQ,2022-10-13,INE440A01010
BHARATWIRE,EQ,2022-10-13,INE442H01029
BHARTIARTL,EQ,2022-10-13,INE208A01029
BHEL,EQ,2022-10-13,INE276G01015
BIGBLOC,EQ,2022-10-13,INE363A01022
BIL,EQ,2022-10-13,INE021A01026
BINDALAGRO,EQ,2022-10-13,INE022I01019
BIOCON,EQ,2022-10-13,INE991I01015
BIOFILCHEM,EQ,2022-10-13,INE563J01010
BIRLACABLE,EQ,2022-10-13,INE914M01019
BIRLACORPN,EQ,2022-10-13,INE006I01046
BIRLAMONEY,EQ,2022-10-13,INE386C01029
BKMINDST,EQ,2022-10-13,INE203A01020
BLBLIMITED,EQ,2022-10-13,INE646X01014
BLISSGVS,EQ,2022-10-13,INE209A01019
BLKASHYAP,EQ,2022-10-13,INE399L01023
BLS,EQ,2022-10-13,INE285H01022
BLUEDART,EQ,2022-10-13,INE100A01010
BLUESTARCO,EQ,2022-10-13,INE951D01028
BODALCHEM,EQ,2022-10-13,INE949L01017
BOMDYEING,EQ,2022-10-13,INE132H01018
BOROLTD,EQ,2022-10-13,INE406A01037
BORORENEW,BE,2022-10-13,INE898S01029
BOSCHLTD,EQ,2022-10-13,INE218C01016
BPCL,EQ,2022-10-13,INE449A01011
BPL,EQ,2022-10-13,INE718H01014
BRIGADE,EQ,2022-10-13,INE349W01017
BRNL,EQ,2022-10-13,INE488D01021
BROOKS,EQ,2022-10-13,INE01BK01022
BSE,EQ,2022-10-13,INE699H01024
BSHSL,EQ,2022-10-13,INE238A01034
BSL,EQ,2022-10-13,INE555B01013
BSOFT,EQ,2022-10-13,INE02EZ01014
BURNPUR,EQ,2022-10-13,INE193B01039
BUTTERFLY,BE,2022-10-13,INE878I01022
BVCL,BE,2022-10-13,INE116D01028
BYKE,EQ,2022-10-13,INE917I01010
CALSOFT,EQ,2022-10-13,INE933K01021
CAMLINFINE,EQ,2022-10-13,INE193E01025
CAMPUS,EQ,2022-10-13,INE918I01026
CAMS,EQ,2022-10-13,INE411U01027
CANBK,EQ,2022-10-13,INE306A01021
CANDC,EQ,2022-10-13,INE118A01012
CANFINHOME,EQ,2022-10-13,INE296A01024
CANTABIL,EQ,2022-10-13,INE794B01026
CAPACITE,EQ,2022-10-13,INE050E01027
CAPLIPOINT,BE,2022-10-13,INE618N01014
CAPTRUST,EQ,2022-10-13,INE875R01011
CARBORUNIV,EQ,2022-10-13,INE787D01026
CAREERP,EQ,2022-10-13,INE164A01016
CARERATING,EQ,2022-10-13,INE083D01012
CARTRADE,EQ,2022-10-13,INE119A01028
CASTROLIND,EQ,2022-10-13,INE655B01011
CCCL,EQ,2022-10-13,INE459A01010
CCHHL,EQ,2022-10-13,INE213C01025
CCL,EQ,2022-10-13,INE545U01014
CDSL,EQ,2022-10-13,INE863I01016
CEATLTD,EQ,2022-10-13,INE862Y01015
CELEBRITY,EQ,2022-10-13,INE028A01039
CENTENKA,EQ,2022-10-13,INE084A01016
CENTEXT,EQ,2022-10-13,INE629D01020
CENTRALBK,EQ,2022-10-13,INE382M01027
CENTRUM,BZ,2022-10-13,INE855F01034
CENTUM,EQ,2022-10-13,INE373A01013
CENTURYPLY,EQ,2022-10-13,INE186H01022
CENTURYTEX,EQ,2022-10-13,INE176A01028
CERA,EQ,2022-10-13,INE462A01022
CEREBRAINT,EQ,2022-10-13,INE464A01028
CESC,EQ,2022-10-13,INE676A01027
CGCL,EQ,2022-10-13,INE050A01025
CGPOWER,EQ,2022-10-13,INE425B01027
CHALET,EQ,2022-10-13,INE412G01016
CHAMBLFERT,BE,2022-10-13,INE977Y01011
CHEMBOND,EQ,2022-10-13,INE905P01028
CHEMCON,EQ,2022-10-13,INE171Z01018
CHEMFAB,EQ,2022-10-13,INE520H01022
CHEMPLASTS,EQ,2022-10-13,INE495P01012
CHENNPETRO,EQ,2022-10-13,INE844K01012
CHEVIOT,EQ,2022-10-13,INE263A01024
CHOICEIN,EQ,2022-10-13,INE258A01016
CHOLAFIN,EQ,2022-10-13,INE922A01025
CHOLAHLDNG,EQ,2022-10-13,INE463A01038
CIGNITITEC,EQ,2022-10-13,INE052T01013
CINELINE,EQ,2022-10-13,INE878K01010
CINEVISTA,EQ,2022-10-13,INE243D01012
CIPLA,EQ,2022-10-13,INE661I01014
CLEAN,EQ,2022-10-13,INE414D01019
CLEDUCATE,EQ,2022-10-13,INE354C01027
CLNINDIA,EQ,2022-10-13,INE458B01036
CLSEL,EQ,2022-10-13,INE363W01018
CMICABLES,EQ,2022-10-13,INE474E01029
CMSINFO,EQ,2022-10-13,INE465A01025
COALINDIA,EQ,2022-10-13,INE561C01019
COASTCORP,EQ,2022-10-13,INE838B01013
COCHINSHIP,EQ,2022-10-13,INE316L01019
COFFEEDAY,EQ,2022-10-13,INE397D01024
COFORGE,EQ,2022-10-13,INE257A01026
COLPAL,EQ,2022-10-13,INE412U01025
COMPINFO,EQ,2022-10-13,INE828A01016
COMPUSOFT,EQ,2022-10-13,INE143A01010
CONCOR,EQ,2022-10-13,INE376G01013
CONFIPET,EQ,2022-10-13,INE829A01014
CONSOFINVT,EQ,2022-10-13,INE800A01015
CONTROLPR,EQ,2022-10-13,INE340A01012
CORALFINAC,EQ,2022-10-13,INE865C01022
CORDSCABLE,BZ,2022-10-13,INE831Q01016
COROMANDEL,EQ,2022-10-13,INE791A01024
COSMOFIRST,EQ,2022-10-13,INE416D01022
COUNCODOS,EQ,2022-10-13,INE350H01032
CRAFTSMAN,EQ,2022-10-13,INE153T01027
CREATIVE,EQ,2022-10-13,INE233B01017
CREATIVEYE,EQ,2022-10-13,INE472A01039
CREDITACC,EQ,2022-10-13,INE338D01028
CREST,EQ,2022-10-13,INE032A01023
CRISIL,EQ,2022-10-13,INE02PY01013
CROMPTON,EQ,2022-10-13,INE666D01022
CROWN,EQ,2022-10-13,INE323A01026
CSBBANK,EQ,2022-10-13,INE029A01011
CSLFINANCE,EQ,2022-10-13,INE110A01019
CTE,EQ,2022-10-13,INE791I01019
CUB,EQ,2022-10-13,INE727S01012
CUBEXTUB,BE,2022-10-13,INE650L01011
CUMMINSIND,EQ,2022-10-13,INE118H01025
CUPID,BE,2022-10-13,INE032Z01020
CYBERMEDIA,EQ,2022-10-13,INE594B01012
CYBERTECH,EQ,2022-10-13,INE836A01035
CYIENT,EQ,2022-10-13,INE817H01014
DAAWAT,EQ,2022-10-13,INE295F01017
DABUR,BE,2022-10-13,INE139I01011
DALBHARAT,EQ,2022-10-13,INE319B01014
DALMIASUG,EQ,2022-10-13,INE526B01014
DAMODARIND,EQ,2022-10-13,INE052I01032
DANGEE,EQ,2022-10-13,INE278Y01022
DATAMATICS,EQ,2022-10-13,INE596I01012
DATAPATTNS,EQ,2022-10-13,INE476A01014
DBCORP,BZ,2022-10-13,INE874H01015
DBL,EQ,2022-10-13,INE477A01020
DBOL,EQ,2022-10-13,INE068L01016
DBREALTY,EQ,2022-10-13,INE264T01014
DBSTOCKBRO,EQ,2022-10-13,INE475E01026
DCAL,EQ,2022-10-13,INE707C01018
DCBBANK,EQ,2022-10-13,INE120A01034
DCM,EQ,2022-10-13,INE521J01018
DCMFINSERV,EQ,2022-10-13,INE752H01013
DCMNVL,EQ,2022-10-13,INE290S01011
DCMSHRIRAM,EQ,2022-10-13,INE172A01027
DCMSRIND,BE,2022-10-13,INE429I01024
DCW,BE,2022-10-13,INE652F01027
DECCANCE,EQ,2022-10-13,INE421D01022
DEEPAKFERT,EQ,2022-10-13,INE736A01011
DEEPAKNTR,EQ,2022-10-13,INE482A01020
DEEPENR,EQ,2022-10-13,INE185H01016
DEEPINDS,EQ,2022-10-13,INE485A01015
DELHIVERY,BE,2022-10-13,INE281A01026
DELPHIFX,EQ,2022-10-13,INE483A01010
DELTACORP,EQ,2022-10-13,INE660C01027
DELTAMAGNT,EQ,2022-10-13,INE320B01020
DEN,EQ,2022-10-13,INE348B01021
DENORA,EQ,2022-10-13,INE055A01016
DEVIT,EQ,2022-10-13,INE739E01017
DEVYANI,EQ,2022-10-13,INE345B01019
DFMFOODS,EQ,2022-10-13,INE486A01021
DGCONTENT,EQ,2022-10-13,INE180C01026
DHAMPURSUG,EQ,2022-10-13,INE067A01029
DHANBANK,EQ,2022-10-13,INE427F01016
DHANI,EQ,2022-10-13,INE085A01013
DHANUKA,EQ,2022-10-13,INE995D01025
DHARAMSI,EQ,2022-10-13,INE03YM01018
DHARSUGAR,EQ,2022-10-13,INE783X01023
DHRUV,EQ,2022-10-13,INE488A01050
DHUNINV,EQ,2022-10-13,INE178A01016
DIAMONDYD,EQ,2022-10-13,INE974B01016
DICIND,EQ,2022-10-13,INE102B01014
DIGISPICE,EQ,2022-10-13,INE121A01024
DIL,EQ,2022-10-13,INE149A01033
DISHTV,EQ,2022-10-13,INE675C01017
DIVISLAB,EQ,2022-10-13,INE704H01022
DIXON,EQ,2022-10-13,INE039B01026
DLF,EQ,2022-10-13,INE059A01026
DLINKINDIA,EQ,2022-10-13,INE227W01023
DMART,EQ,2022-10-13,INE201M01029
DNAMEDIA,EQ,2022-10-13,INE492A01029
DODLA,EQ,2022-10-13,INE419D01026
DOLATALGO,EQ,2022-10-13,INE981B01011
DOLLAR,EQ,2022-10-13,INE925R01014
DONEAR,EQ,2022-10-13,INE522F01014
DPABHUSHAN,EQ,2022-10-13,INE377E01016
DPSCLTD,EQ,2022-10-13,INE704P01017
DPWIRES,EQ,2022-10-13,INE335K01011
DRCSYSTEMS,EQ,2022-10-13,INE591G01017
DREAMFOLKS,EQ,2022-10-13,INE259A01022
DREDGECORP,EQ,2022-10-13,INE070C01037
DRREDDY,EQ,2022-10-13,INE453B01029
DSSL,EQ,2022-10-13,INE111A01025
DTIL,EQ,2022-10-13,INE552D01024
DUCON,EQ,2022-10-13,INE025A01027
DVL,EQ,2022-10-13,INE663B01015
DWARKESH,EQ,2022-10-13,INE558D01021
DYCL,EQ,2022-10-13,INE792I01017
DYNAMATECH,EQ,2022-10-13,INE169A01031
DYNPRO,EQ,2022-10-13,INE757A01017
E2E,EQ,2022-10-13,INE695B01025
EASEMYTRIP,EQ,2022-10-13,INE00LO01017
EASTSILK,EQ,2022-10-13,INE985W01018
ECLERX,EQ,2022-10-13,INE230B01021
EDELWEISS,EQ,2022-10-13,INE741K01010
EICHERMOT,EQ,2022-10-13,INE559D01011
EIDPARRY,EQ,2022-10-13,INE007A01025
EIFFL,EQ,2022-10-13,INE299U01018
EIHAHOTELS,EQ,2022-10-13,INE491V01019
EIHOTEL,EQ,2022-10-13,INE679A01013
EIMCOELECO,EQ,2022-10-13,INE718F01018
EKC,EQ,2022-10-13,INE627H01017
ELDEHSG,EQ,2022-10-13,INE491A01021
ELECON,EQ,2022-10-13,INE144D01012
ELECTCAST,EQ,2022-10-13,INE298A01020
ELECTHERM,EQ,2022-10-13,INE509F01011
ELGIEQUIP,EQ,2022-10-13,INE278G01037
ELGIRUBCO,EQ,2022-10-13,INE214A01019
EMAMILTD,EQ,2022-10-13,INE136B01020
EMAMIPAP,EQ,2022-10-13,INE818H01020
EMAMIREAL,EQ,2022-10-13,INE016A01026
EMKAY,EQ,2022-10-13,INE00R701025
EMMBI,EQ,2022-10-13,INE495A01022
EMUDHRA,EQ,2022-10-13,INE497D01022
ENDURANCE,EQ,2022-10-13,INE688Y01022
ENERGYDEV,EQ,2022-10-13,INE365B01017
ENGINERSIN,EQ,2022-10-13,INE0IX101010
ENIL,EQ,2022-10-13,INE950I01011
EPL,EQ,2022-10-13,INE917M01012
EQUIPPP,EQ,2022-10-13,INE0I3401014
EQUITAS,EQ,2022-10-13,INE879I01012
EQUITASBNK,EQ,2022-10-13,INE921B01025
ERIS,EQ,2022-10-13,INE385W01011
EROSMEDIA,EQ,2022-10-13,INE503A01015
ESABINDIA,EQ,2022-10-13,INE498A01018
ESCORTS,BE,2022-10-13,INE891B01012
ESSARSHPNG,EQ,2022-10-13,INE08KP01019
ESSENTIA,EQ,2022-10-13,INE499A01024
ESTER,EQ,2022-10-13,INE843D01027
ETHOSLTD,EQ,2022-10-13,INE500A01029
EUROTEXIND,EQ,2022-10-13,INE583C01021
EVEREADY,EQ,2022-10-13,INE501A01019
EVERESTIND,EQ,2022-10-13,INE288B01029
EXCEL,EQ,2022-10-13,INE677H01012
EXCELINDUS,EQ,2022-10-13,INE0FHS01016
EXIDEIND,EQ,2022-10-13,INE148O01028
EXPLEOSOL,EQ,2022-10-13,INE726L01019
EXXARO,EQ,2022-10-13,INE124G01033
FACT,EQ,2022-10-13,INE393A01011
FAIRCHEMOR,EQ,2022-10-13,INE947J01015
FCL,EQ,2022-10-13,INE244A01016
FCONSUMER,EQ,2022-10-13,INE060X01018
FCSSOFT,EQ,2022-10-13,INE872J01023
FDC,EQ,2022-10-13,INE456C01020
FEDERALBNK,EQ,2022-10-13,INE03JI01017
FEL,EQ,2022-10-13,INE041A01016
FELDVR,EQ,2022-10-13,INE680A01011
FIBERWEB,EQ,2022-10-13,INE274G01010
FIEMIND,EQ,2022-10-13,INE435G01025
FILATEX,EQ,2022-10-13,INE505A01010
FINCABLES,BE,2022-10-13,INE988C01014
FINEORG,EQ,2022-10-13,INE506Z01015
FINOPB,EQ,2022-10-13,INE320L01011
FINPIPE,EQ,2022-10-13,INE393P01035
FLEXITUFF,EQ,2022-10-13,INE303A01010
FLFL,EQ,2022-10-13,INE927C01020
FLUOROCHEM,EQ,2022-10-13,INE411Y01011
FMGOETZE,EQ,2022-10-13,INE836F01026
FMNL,EQ,2022-10-13,INE361B01024
FOCUS,EQ,2022-10-13,INE935N01020
FOODSIN,EQ,2022-10-13,INE271C01023
FORCEMOT,EQ,2022-10-13,INE250K01012
FORTIS,EQ,2022-10-13,INE192R01011
FOSECOIND,EQ,2022-10-13,INE016M01021
FSC,EQ,2022-10-13,INE021O01019
FSL,EQ,2022-10-13,INE966A01022
GABRIEL,EQ,2022-10-13,INE325C01035
GAEL,EQ,2022-10-13,INE668D01028
GAIL,EQ,2022-10-13,INE266Y01019
GAL,EQ,2022-10-13,INE360C01024
GALAXYSURF,EQ,2022-10-13,INE864X01013
GALLANTT,BE,2022-10-13,INE03RS01027
GANDHITUBE,EQ,2022-10-13,INE0JS101016
GANECOS,EQ,2022-10-13,INE506A01018
GANESHBE,EQ,2022-10-13,INE089A01023
GANESHHOUC,EQ,2022-10-13,INE417B01040
GANGAFORGE,EQ,2022-10-13,INE341R01014
GANGESSECU,EQ,2022-10-13,INE741L01018
GARFIBRES,EQ,2022-10-13,INE477B01010
GATEWAY,EQ,2022-10-13,INE366A01041
GATI,EQ,2022-10-13,INE600Y01019
GAYAHWS,EQ,2022-10-13,INE221B01012
GAYAPROJ,EQ,2022-10-13,INE256H01015
GEECEE,BE,2022-10-13,INE255Z01019
GEEKAYWIRE,EQ,2022-10-13,INE07O001018
GENCON,BE,2022-10-13,INE962C01027
GENESYS,EQ,2022-10-13,INE738I01010
GENUSPAPER,EQ,2022-10-13,INE532F01054
GENUSPOWER,EQ,2022-10-13,INE066A01021
GEOJITFSL,EQ,2022-10-13,INE126A01031
GEPIL,EQ,2022-10-13,INE546V01010
GESHIP,EQ,2022-10-13,INE276C01014
GET&D,EQ,2022-10-13,INE230A01023
GFLLIMITED,EQ,2022-10-13,INE158B01016
GFSTEELS,EQ,2022-10-13,INE184H01027
GHCL,EQ,2022-10-13,INE668G01021
GICHSGFIN,EQ,2022-10-13,INE205B01023
GICRE,EQ,2022-10-13,INE086A01029
GILLANDERS,EQ,2022-10-13,INE822G01016
GILLETTE,EQ,2022-10-13,INE285A01027
GINNIFILA,EQ,2022-10-13,INE819L01012
GIPCL,EQ,2022-10-13,INE548C01032
GKWLIMITED,EQ,2022-10-13,INE830C01026
GLAND,EQ,2022-10-13,INE778K01012
GLAXO,EQ,2022-10-13,INE296H01011
GLENMARK,EQ,2022-10-13,INE753K01015
GLFL,EQ,2022-10-13,INE01QM01018
GLOBAL,EQ,2022-10-13,INE913H01037
GLOBALVECT,EQ,2022-10-13,INE306C01019
GLOBE,EQ,2022-10-13,INE510A01028
GLOBUSSPR,EQ,2022-10-13,INE265F01028
GLS,EQ,2022-10-13,INE255A01020
GMBREW,BE,2022-10-13,INE217G01035
GMDCLTD,EQ,2022-10-13,INE988K01017
GMMPFAUDLR,EQ,2022-10-13,INE063P01018
GMRINFRA,EQ,2022-10-13,INE406M01024
GMRP&UI,BE,2022-10-13,INE416L01017
GNA,EQ,2022-10-13,INE284A01012
GNFC,EQ,2022-10-13,INE042A01014
GOACARBON,EQ,2022-10-13,INE122M01019
GOCLCORP,EQ,2022-10-13,INE418N01035
GOCOLORS,EQ,2022-10-13,INE778B01029
GODFRYPHLP,EQ,2022-10-13,INE04TZ01018
GODHA,EQ,2022-10-13,INE022C01012
GODREJAGRO,EQ,2022-10-13,INE128A01029
GODREJCP,EQ,2022-10-13,INE295A01018
GODREJIND,EQ,2022-10-13,INE688J01023
GODREJPROP,EQ,2022-10-13,INE369A01029
GOENKA,EQ,2022-10-13,INE302A01020
GOKEX,EQ,2022-10-13,INE201K01015
GOKUL,EQ,2022-10-13,INE0GFE01018
GOKULAGRO,EQ,2022-10-13,INE188A01015
GOLDENTOBC,EQ,2022-10-13,INE0DNW01011
GOLDIAM,EQ,2022-10-13,INE045J01026
GOLDTECH,BE,2022-10-13,INE220J01025
GOODLUCK,EQ,2022-10-13,INE512B01022
GOODYEAR,EQ,2022-10-13,INE258B01022
GPIL,EQ,2022-10-13,INE171A01029
GPPL,BE,2022-10-13,INE623B01027
GPTINFRA,BE,2022-10-13,IN9623B01058
GRANULES,EQ,2022-10-13,INE296C01020
GRAPHITE,EQ,2022-10-13,INE737H01014
GRASIM,EQ,2022-10-13,INE816B01027
GRAUWEIL,EQ,2022-10-13,INE235A01022
GRAVITA,EQ,2022-10-13,INE686Y01026
GREAVESCOT,EQ,2022-10-13,INE02NC01014
GREENLAM,EQ,2022-10-13,INE183A01024
GREENPANEL,EQ,2022-10-13,INE060J01017
GREENPLY,BE,2022-10-13,INE452O01016
GREENPOWER,EQ,2022-10-13,INE09N301011
GRINDWELL,EQ,2022-10-13,INE529A01010
GRINFRA,EQ,2022-10-13,INE360L01017
GRMOVER,EQ,2022-10-13,INE593W01010
GROBTEA,EQ,2022-10-13,INE976E01023
GRPLTD,EQ,2022-10-13,INE451A01017
GRSE,EQ,2022-10-13,INE061F01013
GRWRHITECH,EQ,2022-10-13,INE519A01011
GSCLCEMENT,EQ,2022-10-13,INE935Q01015
GSFC,EQ,2022-10-13,INE684F01012
GSPL,EQ,2022-10-13,INE524A01029
GSS,EQ,2022-10-13,INE036B01030
GTL,EQ,2022-10-13,INE129A01019
GTLINFRA,EQ,2022-10-13,INE482J01021
GTPL,EQ,2022-10-13,INE600K01018
GUFICBIO,EQ,2022-10-13,INE297H01019
GUJALKALI,EQ,2022-10-13,INE524B01027
GUJAPOLLO,EQ,2022-10-13,INE845D01014
GUJGASLTD,EQ,2022-10-13,INE388A01029
GUJRAFFIA,EQ,2022-10-13,INE460C01014
GULFOILLUB,EQ,2022-10-13,INE691Z01023
GULFPETRO,EQ,2022-10-13,INE335W01016
GULPOLY,EQ,2022-10-13,INE276A01018
GVKPIL,EQ,2022-10-13,INE079J01017
HAL,EQ,2022-10-13,INE152B01027
HAPPSTMNDS,BE,2022-10-13,INE287Z01012
HARDWYN,EQ,2022-10-13,INE336H01023
HARIOMPIPE,EQ,2022-10-13,INE916G01016
HARRMALAYA,EQ,2022-10-13,INE669X01016
HARSHA,EQ,2022-10-13,INE854S01022
HATHWAY,EQ,2022-10-13,INE727B01026
HATSUN,EQ,2022-10-13,INE949P01018
HAVELLS,EQ,2022-10-13,INE955D01029
HAVISHA,EQ,2022-10-13,INE007B01023
HBLPOWER,EQ,2022-10-13,INE878A01011
HBSL,EQ,2022-10-13,INE017A01032
HCC,EQ,2022-10-13,INE200A01026
HCG,EQ,2022-10-13,INE538A01037
HCL-INSYS,BE,2022-10-13,INE534A01028
HCLTECH,EQ,2022-10-13,INE539A01019
HDFCAMC,EQ,2022-10-13,INE047B01011
HDFCBANK,EQ,2022-10-13,INE322A01010
HDFCLIFE,EQ,2022-10-13,INE424C01010
HDIL,EQ,2022-10-13,INE162A01010
HEADSUP,EQ,2022-10-13,INE528A01020
HECPROJECT,EQ,2022-10-13,INE068V01023
HEG,EQ,2022-10-13,INE159A01016
HEIDELBERG,EQ,2022-10-13,INE935A01035
HEMIPROP,BE,2022-10-13,INE540A01017
HERANBA,EQ,2022-10-13,INE291W01011
HERCULES,EQ,2022-10-13,INE792H01019
HERITGFOOD,EQ,2022-10-13,INE581X01021
HEROMOTOCO,EQ,2022-10-13,INE615I01010
HESTERBIO,EQ,2022-10-13,INE03Q201024
HEXATRADEX,EQ,2022-10-13,INE075D01018
HFCL,EQ,2022-10-13,INE131A01031
HGINFRA,EQ,2022-10-13,INE541A01023
HGS,EQ,2022-10-13,INE776C01039
HIKAL,EQ,2022-10-13,INE0CU601026
HIL,EQ,2022-10-13,INE934S01014
HILTON,EQ,2022-10-13,INE113A01013
HIMATSEIDE,EQ,2022-10-13,INE426D01013
HINDALCO,EQ,2022-10-13,INE077F01035
HINDCOMPOS,EQ,2022-10-13,INE0BJS01011
HINDCON,EQ,2022-10-13,INE260B01028
HINDCOPPER,EQ,2022-10-13,INE925Y01036
HINDMOTORS,EQ,2022-10-13,INE850D01014
HINDNATGLS,EQ,2022-10-13,INE102D01028
HINDOILEXP,EQ,2022-10-13,INE233A01035
HINDPETRO,EQ,2022-10-13,INE484J01027
HINDUNILVR,BZ,2022-10-13,INE516K01024
HINDWAREAP,EQ,2022-10-13,INE887G01027
HINDZINC,EQ,2022-10-13,INE020J01029
HIRECT,EQ,2022-10-13,INE314T01025
HISARMETAL,BE,2022-10-13,INE973A01010
HITECH,EQ,2022-10-13,INE025B01025
HITECHCORP,EQ,2022-10-13,INE805A01014
HITECHGEAR,EQ,2022-10-13,INE127I01024
HLEGLAS,EQ,2022-10-13,INE533A01012
HLVLTD,EQ,2022-10-13,INE177H01021
HMT,EQ,2022-10-13,INE517F01014
HMVL,EQ,2022-10-13,INE390G01014
HNDFDS,EQ,2022-10-13,INE101D01020
HOMEFIRST,EQ,2022-10-13,INE371A01025
HONAUT,EQ,2022-10-13,INE047A01021
HONDAPOWER,EQ,2022-10-13,INE266D01021
HOTELRUGBY,EQ,2022-10-13,INE024L01027
HOVS,EQ,2022-10-13,INE224A01026
HPAL,EQ,2022-10-13,INE544R01021
HPL,EQ,2022-10-13,INE08ZM01014
HSCL,EQ,2022-10-13,INE461C01038
HTMEDIA,EQ,2022-10-13,INE999K01014
HUBTOWN,EQ,2022-10-13,INE536A01023
HUHTAMAKI,EQ,2022-10-13,INE026A01025
IBREALEST,EQ,2022-10-13,INE246F01010
ICDSLTD,EQ,2022-10-13,INE066F01012
ICEMAKE,EQ,2022-10-13,INE419U01012
ICICIBANK,EQ,2022-10-13,INE626Z01011
ICICIGI,EQ,2022-10-13,INE00EV01017
ICICIPRULI,EQ,2022-10-13,INE544A01019
ICIL,EQ,2022-10-13,INE0JUS01029
ICRA,EQ,2022-10-13,INE982F01036
IDBI,EQ,2022-10-13,INE473B01035
IDEA,EQ,2022-10-13,INE176B01034
IDFC,BE,2022-10-13,INE293B01029
IDFCFIRSTB,EQ,2022-10-13,INE292B01021
IEX,EQ,2022-10-13,INE550B01022
IFBAGRO,EQ,2022-10-13,INE549A01026
IFBIND,EQ,2022-10-13,INE075I01017
IFGLEXPOR,EQ,2022-10-13,INE127D01025
IGARASHI,EQ,2022-10-13,INE040A01034
IGL,EQ,2022-10-13,INE795G01014
IGPL,BZ,2022-10-13,INE191I01012
IIFLSEC,EQ,2022-10-13,INE158A01026
IIFLWAM,EQ,2022-10-13,INE782E01017
IITL,EQ,2022-10-13,INE750M01017
IL&FSENGG,EQ,2022-10-13,INE548A01028
IL&FSTRANS,EQ,2022-10-13,INE926X01010
IMAGICAA,EQ,2022-10-13,INE170I01016
IMFA,EQ,2022-10-13,INE475B01022
IMPAL,EQ,2022-10-13,INE557A01011
IMPEXFERRO,EQ,2022-10-13,INE788H01017
INCREDIBLE,EQ,2022-10-13,INE049A01027
INDBANK,EQ,2022-10-13,INE038A01020
INDHOTEL,EQ,2022-10-13,INE310C01029
INDIACEM,EQ,2022-10-13,INE642Y01011
INDIAGLYCO,EQ,2022-10-13,INE531E01026
INDIAMART,EQ,2022-10-13,INE253A01025
INDIANB,BE,2022-10-13,INE952A01022
INDIANCARD,EQ,2022-10-13,INE345A01011
INDIANHUME,EQ,2022-10-13,INE094A01015
INDIGO,EQ,2022-10-13,INE030A01027
INDIGOPNTS,EQ,2022-10-13,INE05AN01011
INDLMETER,EQ,2022-10-13,INE267A01025
INDNIPPON,EQ,2022-10-13,INE835D01023
INDOAMIN,EQ,2022-10-13,INE598C01011
INDOBORAX,EQ,2022-10-13,INE106T01017
INDOCO,EQ,2022-10-13,INE120D01012
INDORAMA,EQ,2022-10-13,INE127B01011
INDOSTAR,EQ,2022-10-13,INE461D01010
INDOTECH,EQ,2022-10-13,INE102A01024
INDOTHAI,BZ,2022-10-13,INE262A01018
INDOWIND,EQ,2022-10-13,INE871K01015
INDRAMEDCO,EQ,2022-10-13,INE254N01026
INDSWFTLAB,EQ,2022-10-13,INE481N01025
INDSWFTLTD,EQ,2022-10-13,INE671A01010
INDTERRAIN,EQ,2022-10-13,INE634A01018
INDUSINDBK,BE,2022-10-13,INE275F01019
INDUSTOWER,EQ,2022-10-13,INE596H01014
INEOSSTYRO,EQ,2022-10-13,INE0GSL01016
INFIBEAM,EQ,2022-10-13,INE495S01016
INFOBEAN,EQ,2022-10-13,INE019C01026
INFOMEDIA,EQ,2022-10-13,INE501G01024
INFY,BE,2022-10-13,INE703H01016
INGERRAND,EQ,2022-10-13,INE275B01026
INOXLEISUR,EQ,2022-10-13,INE069I01010
INOXWIND,BE,2022-10-13,INE613B01010
INSECTICID,BE,2022-10-13,INE520Y01019
INSPIRISYS,EQ,2022-10-13,INE090A01021
INTELLECT,EQ,2022-10-13,INE765G01017
INTENTECH,EQ,2022-10-13,INE726G01019
INTLCONV,EQ,2022-10-13,INE483B01026
INVENTURE,EQ,2022-10-13,INE725G01011
IOB,EQ,2022-10-13,INE008A01015
IOC,EQ,2022-10-13,INE669E01016
IOLCP,EQ,2022-10-13,INE043D01016
IONEXCHANG,EQ,2022-10-13,INE092T01019
IPCALAB,EQ,2022-10-13,INE022Q01020
IPL,EQ,2022-10-13,INE076C01018
IRB,EQ,2022-10-13,INE559A01017
IRCON,EQ,2022-10-13,INE133Y01011
IRCTC,EQ,2022-10-13,INE188B01013
IRIS,EQ,2022-10-13,INE452L01012
IRISDOREME,EQ,2022-10-13,INE841B01017
ISEC,EQ,2022-10-13,INE053A01029
ISFT,EQ,2022-10-13,INE383A01012
ISGEC,EQ,2022-10-13,INE560A01015
ISMTLTD,EQ,2022-10-13,INE933S01016
ITC,EQ,2022-10-13,INE562A01011
ITDC,EQ,2022-10-13,INE061A01014
ITDCEM,EQ,2022-10-13,INE323C01030
ITI,EQ,2022-10-13,INE646L01027
IVC,EQ,2022-10-13,INE09VQ01012
IVP,BE,2022-10-13,INE065B01013
IWEL,EQ,2022-10-13,INE092B01025
IZMO,EQ,2022-10-13,INE760F01028
J&KBANK,EQ,2022-10-13,INE803D01021
JAGRAN,EQ,2022-10-13,INE873D01024
JAGSNPHARM,EQ,2022-10-13,INE156A01020
JAIBALAJI,BE,2022-10-13,INE896L01010
JAICORPLTD,EQ,2022-10-13,INE332H01014
JAIPURKURT,EQ,2022-10-13,INE337M01013
JAMNAAUTO,BE,2022-10-13,INE227G01018
JASH,EQ,2022-10-13,INE681B01017
JAYAGROGN,EQ,2022-10-13,INE915B01019
JAYBARMARU,EQ,2022-10-13,INE788B01028
JAYNECOIND,EQ,2022-10-13,INE611L01021
JAYSREETEA,EQ,2022-10-13,INE095A01012
JBCHEPHARM,EQ,2022-10-13,INE121J01017
JBFIND,EQ,2022-10-13,INE189B01011
JBMA,EQ,2022-10-13,INE483S01020
JCHAC,EQ,2022-10-13,INE344S01016
JETAIRWAYS,BE,2022-10-13,INE669A01022
JETFREIGHT,EQ,2022-10-13,INE009A01021
JHS,EQ,2022-10-13,INE177A01018
JINDALPHOT,EQ,2022-10-13,INE312H01016
JINDALPOLY,EQ,2022-10-13,INE066P01011
JINDALSAW,EQ,2022-10-13,INE070I01018
JINDALSTEL,EQ,2022-10-13,INE020G01017
JINDRILL,EQ,2022-10-13,INE306R01017
JINDWORLD,EQ,2022-10-13,INE781A01025
JISLDVREQS,EQ,2022-10-13,INE575C01027
JISLJALEQS,EQ,2022-10-13,INE878H01024
JITFINFRA,EQ,2022-10-13,INE565A01014
JKCEMENT,EQ,2022-10-13,INE242A01010
JKIL,EQ,2022-10-13,INE485C01011
JKLAKSHMI,EQ,2022-10-13,INE570A01014
JKPAPER,EQ,2022-10-13,INE571A01038
JKTYRE,EQ,2022-10-13,INE0D6701023
JMA,EQ,2022-10-13,INE821I01014
JMCPROJECT,EQ,2022-10-13,INE962Y01021
JMFINANCIL,EQ,2022-10-13,INE335Y01020
JOCIL,EQ,2022-10-13,INE864K01010
JPASSOCIAT,BE,2022-10-13,INE01GN01017
JPINFRATEC,EQ,2022-10-13,INE763G01038
JPOLYINVST,EQ,2022-10-13,INE566K01011
JPPOWER,EQ,2022-10-13,INE858B01029
JSL,EQ,2022-10-13,INE732F01019
JSLHISAR,EQ,2022-10-13,INE154A01025
JSWENERGY,EQ,2022-10-13,INE353K01014
JSWHL,EQ,2022-10-13,INE686A01026
JSWISPL,EQ,2022-10-13,INE248A01017
JSWSTEEL,EQ,2022-10-13,INE050B01023
JTEKTINDIA,EQ,2022-10-13,INE043C01018
JTLINFRA,EQ,2022-10-13,INE0FLR01028
JUBLFOOD,EQ,2022-10-13,INE848A01014
JUBLINDS,EQ,2022-10-13,INE168A01041
JUBLINGREA,EQ,2022-10-13,INE199G01027
JUBLPHARMA,EQ,2022-10-13,INE048B01027
JUSTDIAL,EQ,2022-10-13,INE091G01018
JWL,EQ,2022-10-13,INE070D01027
JYOTHYLAB,EQ,2022-10-13,INE696V01013
JYOTISTRUC,EQ,2022-10-13,INE039C01032
KABRAEXTRU,EQ,2022-10-13,INE039O01011
KAJARIACER,EQ,2022-10-13,INE785A01026
KAKATCEM,EQ,2022-10-13,INE571B01028
KALPATPOWR,EQ,2022-10-13,INE854B01010
KALYANIFRG,EQ,2022-10-13,INE364A01020
KALYANKJIL,EQ,2022-10-13,INE572A01028
KAMATHOTEL,EQ,2022-10-13,INE187A01017
KAMDHENU,EQ,2022-10-13,INE927D01044
KANANIIND,EQ,2022-10-13,INE782A01015
KANORICHEM,BZ,2022-10-13,INE802G01018
KANPRPLA,EQ,2022-10-13,INE982V01025
KANSAINER,EQ,2022-10-13,INE544H01014
KAPSTON,EQ,2022-10-13,INE796G01012
KARMAENG,EQ,2022-10-13,INE197D01010
KARURVYSYA,EQ,2022-10-13,INE324A01024
KAUSHALYA,EQ,2022-10-13,INE749A01030
KAVVERITEL,EQ,2022-10-13,INE742C01031
KAYA,EQ,2022-10-13,INE247D01039
KBCGLOBAL,EQ,2022-10-13,IN9175A01010
KCP,EQ,2022-10-13,INE175A01038
KCPSUGIND,BE,2022-10-13,INE863T01013
KDDL,EQ,2022-10-13,INE823G01014
KEC,EQ,2022-10-13,INE576I01022
KECL,EQ,2022-10-13,INE786A01032
KEEPLEARN,EQ,2022-10-13,INE789E01012
KEI,EQ,2022-10-13,INE573A01042
KELLTONTEC,EQ,2022-10-13,INE412C01023
KENNAMET,EQ,2022-10-13,INE890A01024
KERNEX,EQ,2022-10-13,INE780C01023
KESORAMIND,EQ,2022-10-13,INE839G01010
KEYFINSERV,EQ,2022-10-13,INE455F01025
KHADIM,BE,2022-10-13,INE099J01015
KHAICHEM,EQ,2022-10-13,INE147P01019
KHAITANLTD,EQ,2022-10-13,INE351F01018
KHANDSE,EQ,2022-10-13,INE220G01021
KICL,EQ,2022-10-13,INE455T01018
KILITCH,EQ,2022-10-13,INE121E01018
KIMS,EQ,2022-10-13,INE824G01012
KINGFA,EQ,2022-10-13,INE743C01021
KIOCL,EQ,2022-10-13,INE019A01038
KIRIINDUS,EQ,2022-10-13,INE643A01035
KIRLFER,EQ,2022-10-13,INE391J01024
KIRLOSBROS,EQ,2022-10-13,INE797F01020
KIRLOSENG,BE,2022-10-13,INE645L01011
KIRLOSIND,EQ,2022-10-13,INE0BY001018
KITEX,EQ,2022-10-13,INE700A01033
KKCL,EQ,2022-10-13,INE599M01018
KMSUGAR,BE,2022-10-13,INE209L01016
KNRCON,EQ,2022-10-13,INE668F01031
KOHINOOR,BZ,2022-10-13,INE197A01024
KOKUYOCMLN,EQ,2022-10-13,INE900B01029
KOLTEPATIL,EQ,2022-10-13,INE217B01036
KOPRAN,EQ,2022-10-13,INE437B01014
KOTAKBANK,EQ,2022-10-13,INE220B01022
KOTARISUG,BE,2022-10-13,INE314G01014
KOTHARIPET,EQ,2022-10-13,INE303R01014
KOTHARIPRO,BE,2022-10-13,INE967C01018
KOVAI,BE,2022-10-13,INE390H01012
KPIGREEN,EQ,2022-10-13,INE879E01037
KPITTECH,EQ,2022-10-13,INE138C01024
KPRMILL,EQ,2022-10-13,INE694E01014
KRBL,EQ,2022-10-13,INE531A01024
KREBSBIO,EQ,2022-10-13,INE542Z01010
KRIDHANINF,BE,2022-10-13,INE725L01011
KRISHANA,EQ,2022-10-13,INE036D01028
KRITI,EQ,2022-10-13,INE234I01010
KRITIKA,EQ,2022-10-13,INE641C01019
KRITINUT,EQ,2022-10-13,INE587G01015
KRSNAA,BE,2022-10-13,INE278R01034
KSB,EQ,2022-10-13,INE805C01028
KSCL,EQ,2022-10-13,INE790B01024
KSHITIJPOL,EQ,2022-10-13,INE291D01011
KSL,EQ,2022-10-13,INE389H01022
KSOLVES,EQ,2022-10-13,INE134B01017
KTKBANK,BE,2022-10-13,INE055C01020
KUANTUM,EQ,2022-10-13,INE878B01027
L&TFH,EQ,2022-10-13,INE164B01022
LAGNAM,EQ,2022-10-13,INE717A01029
LAKPRE,BE,2022-10-13,INE202H01019
LALPATHLAB,EQ,2022-10-13,INE087A01019
LAMBODHARA,EQ,2022-10-13,INE681C01015
LANCER,EQ,2022-10-13,INE834I01025
LAOPALA,EQ,2022-10-13,INE745B01028
LASA,EQ,2022-10-13,INE731C01018
LATENTVIEW,EQ,2022-10-13,INE060B01014
LAURUSLABS,EQ,2022-10-13,INE029L01018
LAXMICOT,EQ,2022-10-13,INE729D01010
LAXMIMACH,EQ,2022-10-13,INE967H01017
LCCINFOTEC,BE,2022-10-13,INE473D01015
LEMONTREE,EQ,2022-10-13,INE880L01014
LFIC,EQ,2022-10-13,INE415I01015
LGBBROSLTD,EQ,2022-10-13,INE884B01025
LGBFORGE,EQ,2022-10-13,INE732A01036
LIBAS,EQ,2022-10-13,INE146L01010
LIBERTSHOE,EQ,2022-10-13,INE250A01039
LICHSGFIN,EQ,2022-10-13,INE602G01020
LICI,EQ,2022-10-13,INE401H01017
LIKHITHA,EQ,2022-10-13,INE157H01023
LINC,EQ,2022-10-13,INE634I01029
LINCOLN,EQ,2022-10-13,INE080B01012
LINDEINDIA,EQ,2022-10-13,INE760A01029
LODHA,EQ,2022-10-13,INE094I01018
LOKESHMACH,EQ,2022-10-13,INE082A01010
LOTUSEYE,EQ,2022-10-13,INE237A01028
LOVABLE,EQ,2022-10-13,INE419A01022
LOYALTEX,EQ,2022-10-13,INE720A01015
LPDC,EQ,2022-10-13,INE823A01017
LSIL,EQ,2022-10-13,INE177F01017
LT,EQ,2022-10-13,INE542W01017
LTI,EQ,2022-10-13,INE04I401011
LTTS,EQ,2022-10-13,INE930H01031
LUMAXIND,EQ,2022-10-13,INE001B01026
LUMAXTECH,EQ,2022-10-13,INE268B01013
LUPIN,EQ,2022-10-13,INE524L01026
LUXIND,EQ,2022-10-13,INE506W01012
LXCHEM,EQ,2022-10-13,INE479D01038
LYKALABS,EQ,2022-10-13,INE00Z501029
LYPSAGEMS,EQ,2022-10-13,INE798K01010
M&M,EQ,2022-10-13,INE08LI01020
MAANALU,BE,2022-10-13,INE013801019
MACPOWER,EQ,2022-10-13,INE907A01026
MADHAV,EQ,2022-10-13,INE0D6I01015
MADHUCON,EQ,2022-10-13,INE614B01018
MADRASFERT,EQ,2022-10-13,INE529I01021
MAGADSUGAR,EQ,2022-10-13,INE498L01015
MAGNUM,EQ,2022-10-13,INE548Z01017
MAHABANK,BZ,2022-10-13,INE651C01018
MAHAPEXLTD,EQ,2022-10-13,INE600L01024
MAHASTEEL,EQ,2022-10-13,INE112F01022
MAHEPC,EQ,2022-10-13,INE359U01010
MAHESHWARI,EQ,2022-10-13,INE059D01020
MAHINDCIE,EQ,2022-10-13,INE670X01014
MAHLIFE,EQ,2022-10-13,INE0I7C01011
MAHLOG,EQ,2022-10-13,INE947Q01028
MAHSCOOTER,EQ,2022-10-13,INE801V01019
MAHSEAMLES,EQ,2022-10-13,INE269B01029
MAITHANALL,EQ,2022-10-13,INE938A01021
MALLCOM,EQ,2022-10-13,INE970X01018
MALUPAPER,EQ,2022-10-13,INE850E01012
MANAKALUCO,EQ,2022-10-13,INE337A01034
MANAKCOAT,BE,2022-10-13,INE201J01017
MANAKSIA,EQ,2022-10-13,INE908V01012
MANAKSTEEL,EQ,2022-10-13,INE557B01019
MANALIPETC,EQ,2022-10-13,INE115A01026
MANAPPURAM,EQ,2022-10-13,INE0J1Y01017
MANGALAM,EQ,2022-10-13,INE060901019
MANGCHEFER,EQ,2022-10-13,INE802B01019
MANGLMCEM,EQ,2022-10-13,INE405C01035
MANINDS,EQ,2022-10-13,INE473A01011
MANINFRA,EQ,2022-10-13,INE670K01029
MANORAMA,BE,2022-10-13,INE397H01017
MANORG,EQ,2022-10-13,INE947I01017
MANUGRAPH,EQ,2022-10-13,INE597L01014
MANYAVAR,EQ,2022-10-13,INE970D01010
MAPMYINDIA,EQ,2022-10-13,INE197J01017
MARALOVER,EQ,2022-10-13,INE093R01011
MARATHON,EQ,2022-10-13,INE018A01030
MARICO,EQ,2022-10-13,INE214T01019
MARINE,EQ,2022-10-13,INE010V01017
MARKSANS,EQ,2022-10-13,INE162B01018
MARSHALL,EQ,2022-10-13,INE872H01027
MARUTI,EQ,2022-10-13,INE326A01037
MASFIN,EQ,2022-10-13,INE150G01020
MASKINVEST,EQ,2022-10-13,INE576O01020
MASTEK,EQ,2022-10-13,INE933A01014
MATRIMONY,EQ,2022-10-13,INE142K01011
MAWANASUG,EQ,2022-10-13,INE101A01026
MAXHEALTH,EQ,2022-10-13,INE215I01019
MAXIND,EQ,2022-10-13,INE155Z01011
MAXVIL,EQ,2022-10-13,INE925C01016
MAYURUNIQ,BE,2022-10-13,INE378D01032
MAZDA,EQ,2022-10-13,INE414A01015
MAZDOCK,EQ,2022-10-13,INE347W01011
MBAPL,EQ,2022-10-13,INE387I01016
MBECL,EQ,2022-10-13,INE457A01014
MBLINFRA,BE,2022-10-13,INE843B01013
MCDOWELL-N,EQ,2022-10-13,INE451L01014
MCL,EQ,2022-10-13,INE215D01010
MCLEODRUSS,EQ,2022-10-13,INE263W01010
MCX,EQ,2022-10-13,INE536H01010
MEDICAMEQ,EQ,2022-10-13,INE813A01018
MEDICO,EQ,2022-10-13,INE766P01016
MEDPLUS,EQ,2022-10-13,INE288A01013
MEGASOFT,EQ,2022-10-13,INE271B01025
MEGASTAR,EQ,2022-10-13,INE683C01011
MELSTAR,EQ,2022-10-13,INE389C01015
MENONBE,EQ,2022-10-13,INE383H01017
MEP,EQ,2022-10-13,INE859Q01017
MERCATOR,EQ,2022-10-13,INE830Q01018
METALFORGE,EQ,2022-10-13,INE015D01022
METROBRAND,EQ,2022-10-13,INE824Q01011
METROPOLIS,EQ,2022-10-13,INE201A01024
MFL,EQ,2022-10-13,INE522D01027
MFSL,EQ,2022-10-13,INE584F01014
MGEL,EQ,2022-10-13,INE558B01017
MGL,EQ,2022-10-13,INE347A01017
MHLXMIRU,EQ,2022-10-13,INE993A01026
MHRIL,EQ,2022-10-13,INE949H01023
MICEL,EQ,2022-10-13,INE00VM01010
MIDHANI,EQ,2022-10-13,INE370D01013
MINDACORP,EQ,2022-10-13,INE867A01022
MINDTECK,EQ,2022-10-13,INE825V01034
MINDTREE,EQ,2022-10-13,INE0BV301023
MIRCELECTR,EQ,2022-10-13,INE882A01013
MIRZAINT,EQ,2022-10-13,INE182D01020
MITCON,EQ,2022-10-13,INE196A01026
MITTAL,EQ,2022-10-13,INE01JE01028
MMFL,EQ,2022-10-13,INE750C01026
MMP,EQ,2022-10-13,INE00SZ01018
MMTC,EQ,2022-10-13,INE585B01010
MODIRUBBER,EQ,2022-10-13,INE348L01012
MODISONLTD,BE,2022-10-13,INE885F01015
MOHITIND,EQ,2022-10-13,INE759A01021
MOIL,EQ,2022-10-13,INE866R01028
MOKSH,EQ,2022-10-13,INE636A01039
MOL,EQ,2022-10-13,INE027H01010
MOLDTECH,EQ,2022-10-13,INE0CG601016
MOLDTKPAC,EQ,2022-10-13,INE154U01015
MONARCH,EQ,2022-10-13,INE040D01038
MONTECARLO,EQ,2022-10-13,INE885E01034
MORARJEE,EQ,2022-10-13,INE249Z01012
MOREPENLAB,BE,2022-10-13,INE900L01010
MOTHERSON,BE,2022-10-13,INE748A01016
MOTILALOFS,EQ,2022-10-13,INE912H01013
MOTOGENFIN,EQ,2022-10-13,INE854D01024
MPHASIS,EQ,2022-10-13,INE813V01022
MPSLTD,EQ,2022-10-13,INE942G01012
MRF,EQ,2022-10-13,INE745G01035
MRO-TEK,EQ,2022-10-13,INE646B01010
MRPL,BE,2022-10-13,INE630Y01016
MSPL,EQ,2022-10-13,INE804L01022
MSTCLTD,EQ,2022-10-13,INE933B01012
MSUMI,BE,2022-10-13,INE00EM01016
MTARTECH,BZ,2022-10-13,INE817A01019
MTEDUCARE,EQ,2022-10-13,INE071D01033
MTNL,EQ,2022-10-13,INE776I01010
MUKANDLTD,BE,2022-10-13,INE934B01028
MUKTAARTS,BZ,2022-10-13,INE425A01011
MUNJALAU,EQ,2022-10-13,INE317I01021
MUNJALSHOW,EQ,2022-10-13,INE112L01020
MURUDCERA,EQ,2022-10-13,INE071N01016
MUTHOOTCAP,EQ,2022-10-13,INE180A01020
MUTHOOTFIN,EQ,2022-10-13,INE0APB01024
NACLIND,EQ,2022-10-13,INE002S01010
NAGAFERT,EQ,2022-10-13,INE112D01035
NAGREEKCAP,EQ,2022-10-13,INE998I01010
NAGREEKEXP,BE,2022-10-13,INE287C01037
NAHARCAP,EQ,2022-10-13,INE099Z01011
NAHARINDUS,EQ,2022-10-13,INE842C01021
NAHARPOLY,EQ,2022-10-13,INE110B01017
NAHARSPING,EQ,2022-10-13,INE018I01017
NAM-INDIA,EQ,2022-10-13,INE831A01028
NATCOPHARM,EQ,2022-10-13,INE771A01026
NATHBIOGEN,BE,2022-10-13,INE828O01033
NATIONALUM,EQ,2022-10-13,INE997Y01019
NATNLSTEEL,EQ,2022-10-13,INE227C01017
NAUKRI,EQ,2022-10-13,INE511Y01018
NAVA,EQ,2022-10-13,INE123F01029
NAVINFLUOR,BE,2022-10-13,INE832A01018
NAVKARCORP,EQ,2022-10-13,INE737D01021
NAVNETEDUL,EQ,2022-10-13,INE954E01012
NAZARA,EQ,2022-10-13,INE490G01020
NBCC,EQ,2022-10-13,INE514Y01020
NBIFIN,EQ,2022-10-13,INE0CT101020
NCC,EQ,2022-10-13,INE835B01035
NCLIND,EQ,2022-10-13,INE893J01029
NDGL,EQ,2022-10-13,INE903D01011
NDL,EQ,2022-10-13,INE950M01013
NDRAUTO,EQ,2022-10-13,INE161G01027
NDTV,EQ,2022-10-13,INE083A01026
NECCLTD,EQ,2022-10-13,INE775A01035
NECLIFE,EQ,2022-10-13,INE338I01027
NELCAST,EQ,2022-10-13,INE861B01023
NELCO,EQ,2022-10-13,INE356A01018
NEOGEN,EQ,2022-10-13,INE943D01017
NESCO,EQ,2022-10-13,INE883A01011
NESTLEIND,EQ,2022-10-13,INE398B01018
NETWORK18,EQ,2022-10-13,INE103A01014
NEULANDLAB,EQ,2022-10-13,INE752G01015
NEWGEN,EQ,2022-10-13,INE255X01014
NEXTMEDIA,EQ,2022-10-13,INE0FS801015
NFL,EQ,2022-10-13,INE864I01014
NGIL,EQ,2022-10-13,INE472M01018
NGLFINE,EQ,2022-10-13,INE153A01019
NH,EQ,2022-10-13,INE304A01026
NIACL,EQ,2022-10-13,INE692B01014
NIBL,EQ,2022-10-13,INE296G01013
NIITLTD,EQ,2022-10-13,INE414G01012
NILAINFRA,EQ,2022-10-13,INE295D01020
NILASPACES,BE,2022-10-13,INE454M01024
NILKAMAL,EQ,2022-10-13,INE245I01016
NIPPOBATRY,EQ,2022-10-13,INE123B01028
NIRAJ,EQ,2022-10-13,INE049I01012
NITCO,EQ,2022-10-13,INE289A01011
NITINSPIN,EQ,2022-10-13,INE308A01027
NITIRAJ,EQ,2022-10-13,INE290A01027
NLCINDIA,EQ,2022-10-13,INE298J01013
NMDC,EQ,2022-10-13,INE987B01026
NOCIL,EQ,2022-10-13,INE448G01010
NOIDATOLL,EQ,2022-10-13,INE139A01034
NORBTEAEXP,BE,2022-10-13,INE088B01015
NOVARTIND,EQ,2022-10-13,INE663F01024
NRAIL,EQ,2022-10-13,INE725A01022
NRBBEARING,EQ,2022-10-13,INE048G01026
NSIL,EQ,2022-10-13,INE278M01019
NUCLEUS,EQ,2022-10-13,INE756C01015
NURECA,EQ,2022-10-13,INE875G01030
NUVOCO,EQ,2022-10-13,INE07OG01012
NXTDIGITAL,BE,2022-10-13,INE155G01029
NYKAA,EQ,2022-10-13,INE553C01016
OAL,EQ,2022-10-13,INE023H01027
OBCL,EQ,2022-10-13,INE189I01024
OBEROIRLTY,EQ,2022-10-13,INE045B01015
OCCL,EQ,2022-10-13,INE136S01016
OFSS,EQ,2022-10-13,INE317F01035
OIL,EQ,2022-10-13,INE239A01016
OILCOUNTUB,EQ,2022-10-13,INE870H01013
OLECTRA,EQ,2022-10-13,INE794A01010
OMAXAUTO,EQ,2022-10-13,INE619B01017
OMAXE,EQ,2022-10-13,INE747B01016
OMINFRAL,EQ,2022-10-13,INE870D01012
OMKARCHEM,EQ,2022-10-13,INE236Y01012
ONELIFECAP,EQ,2022-10-13,INE887E01022
ONEPOINT,EQ,2022-10-13,INE410P01011
ONGC,EQ,2022-10-13,INE470Y01017
ONMOBILE,EQ,2022-10-13,INE047O01014
ONWARDTEC,EQ,2022-10-13,INE161A01038
OPTIEMUS,EQ,2022-10-13,INE937C01029
ORBTEXP,BE,2022-10-13,INE00S901012
ORCHPHARMA,EQ,2022-10-13,INE310A01015
ORICONENT,EQ,2022-10-13,INE567A01028
ORIENTABRA,EQ,2022-10-13,INE368I01016
ORIENTALTL,EQ,2022-10-13,INE858F01012
ORIENTBELL,EQ,2022-10-13,INE229H01012
ORIENTCEM,EQ,2022-10-13,INE439T01012
ORIENTELEC,EQ,2022-10-13,INE589A01014
ORIENTHOT,EQ,2022-10-13,INE584A01023
ORIENTLTD,EQ,2022-10-13,INE163A01018
ORIENTPPR,EQ,2022-10-13,INE781B01015
ORISSAMINE,EQ,2022-10-13,INE369C01017
ORTEL,EQ,2022-10-13,INE234A01025
ORTINLAB,EQ,2022-10-13,INE740D01017
OSWALAGRO,EQ,2022-10-13,INE349A01021
PAGEIND,EQ,2022-10-13,INE023A01030
PAISALO,EQ,2022-10-13,INE096B01018
PALASHSECU,EQ,2022-10-13,INE0DSF01015
PALREDTEC,EQ,2022-10-13,INE118D01016
PANACEABIO,EQ,2022-10-13,INE353A01023
PANACHE,EQ,2022-10-13,INE388Y01029
PANAMAPET,EQ,2022-10-13,INE959C01023
PANSARI,EQ,2022-10-13,INE426Z01016
PAR,EQ,2022-10-13,INE093I01010
PARACABLES,EQ,2022-10-13,INE321D01016
PARADEEP,EQ,2022-10-13,INE881D01027
PARAGMILK,EQ,2022-10-13,INE274J01014
PARAS,BE,2022-10-13,INE591A01010
PARSVNATH,EQ,2022-10-13,INE260D01016
PASUPTAC,EQ,2022-10-13,INE090B01011
PATANJALI,EQ,2022-10-13,INE800H01010
PATELENG,EQ,2022-10-13,INE239D01028
PATINTLOG,EQ,2022-10-13,INE474L01016
PAYTM,EQ,2022-10-13,INE912L01015
PCBL,EQ,2022-10-13,INE840Y01029
PCJEWELLER,EQ,2022-10-13,INE213A01029
PDMJEPAPER,EQ,2022-10-13,INE809I01019
PDPL,EQ,2022-10-13,INE229A01017
PDSL,EQ,2022-10-13,INE350C01017
PEARLPOLY,EQ,2022-10-13,INE231G01010
PEL,BE,2022-10-13,INE191A01027
PENIND,EQ,2022-10-13,INE730A01022
PENINLAND,EQ,2022-10-13,INE569C01020
PERSISTENT,EQ,2022-10-13,INE998H01012
PETRONET,EQ,2022-10-13,INE607D01018
PFIZER,BE,2022-10-13,INE725E01024
PFOCUS,BZ,2022-10-13,INE849L01019
PFS,EQ,2022-10-13,INE749B01020
PGEL,EQ,2022-10-13,INE142A01012
PGHH,EQ,2022-10-13,INE761H01022
PGHL,EQ,2022-10-13,INE420C01059
PGIL,EQ,2022-10-13,INE471W01019
PHOENIXLTD,EQ,2022-10-13,INE218G01033
PIDILITIND,EQ,2022-10-13,INE922B01023
PIIND,EQ,2022-10-13,INE895W01019
PILANIINVS,EQ,2022-10-13,INE305C01029
PILITA,EQ,2022-10-13,INE697V01011
PIONDIST,EQ,2022-10-13,INE04LG01015
PIONEEREMB,BE,2022-10-13,INE074B01023
PITTIENG,EQ,2022-10-13,INE088F01024
PIXTRANS,EQ,2022-10-13,INE883N01014
PKTEA,EQ,2022-10-13,INE045601015
PLASTIBLEN,EQ,2022-10-13,INE561H01026
PNB,EQ,2022-10-13,INE818B01023
PNBGILTS,BE,2022-10-13,INE619A01035
PNBHOUSING,EQ,2022-10-13,INE244B01030
PNC,EQ,2022-10-13,INE529D01014
PNCINFRA,EQ,2022-10-13,INE982J01020
PODDARHOUS,EQ,2022-10-13,INE602A01031
PODDARMENT,BE,2022-10-13,INE785M01013
POKARNA,EQ,2022-10-13,INE865T01018
POLICYBZR,BE,2022-10-13,INE904D01019
POLYCAB,EQ,2022-10-13,INE111Q01021
POLYMED,EQ,2022-10-13,INE844A01013
POLYPLEX,EQ,2022-10-13,INE140A01024
PONNIERODE,EQ,2022-10-13,INE932A01024
POWERGRID,EQ,2022-10-13,INE347G01014
POWERINDIA,EQ,2022-10-13,INE182A01018
POWERMECH,EQ,2022-10-13,INE367G01038
PPAP,EQ,2022-10-13,INE560K01014
PPL,EQ,2022-10-13,INE457L01011
PRAENG,EQ,2022-10-13,INE179A01014
PRAJIND,EQ,2022-10-13,INE199A01012
PRAKASH,EQ,2022-10-13,INE940H01014
PRAKASHSTL,EQ,2022-10-13,INE211B01039
PRAXIS,EQ,2022-10-13,INE318A01026
PRECAM,EQ,2022-10-13,INE603J01030
PRECOT,EQ,2022-10-13,INE417C01014
PRECWIRE,EQ,2022-10-13,INE600A01035
PREMEXPLN,EQ,2022-10-13,INE889E01010
PREMIER,EQ,2022-10-13,INE156C01018
PREMIERPOL,EQ,2022-10-13,INE450D01021
PRESSMN,EQ,2022-10-13,INE751B01018
PRESTIGE,BE,2022-10-13,INE431F01018
PRICOLLTD,EQ,2022-10-13,INE083C01022
PRIMESECU,EQ,2022-10-13,INE160A01022
PRINCEPIPE,EQ,2022-10-13,INE859A01011
PRITI,EQ,2022-10-13,INE572E01012
PRITIKAUTO,EQ,2022-10-13,INE392B01011
PRIVISCL,EQ,2022-10-13,INE195J01029
PROZONINTU,EQ,2022-10-13,INE888B01018
PRSMJOHNSN,EQ,2022-10-13,INE371C01013
PRUDENT,EQ,2022-10-13,INE637C01025
PSB,EQ,2022-10-13,INE417T01026
PSPPROJECT,EQ,2022-10-13,INE455K01017
PTC,EQ,2022-10-13,INE205C01021
PTL,EQ,2022-10-13,INE633B01018
PUNJABCHEM,EQ,2022-10-13,INE838E01017
PURVA,EQ,2022-10-13,INE752E01010
PVP,EQ,2022-10-13,INE07Y701011
PVR,EQ,2022-10-13,INE211R01019
QUESS,EQ,2022-10-13,INE095I01015
QUICKHEAL,EQ,2022-10-13,INE050001010
RADAAN,EQ,2022-10-13,INE505C01016
RADHIKAJWE,EQ,2022-10-13,INE074A01025
RADICO,EQ,2022-10-13,INE603A01013
RADIOCITY,EQ,2022-10-13,INE696K01024
RAILTEL,EQ,2022-10-13,INE546Y01022
RAIN,EQ,2022-10-13,INE484I01029
RAINBOW,EQ,2022-10-13,INE283A01014
RAJESHEXPO,EQ,2022-10-13,INE372C01037
RAJMET,EQ,2022-10-13,INE863B01011
RAJRATAN,BE,2022-10-13,INE342A01018
RAJRILTD,EQ,2022-10-13,INE309M01012
RAJSREESUG,EQ,2022-10-13,INE980A01023
RAJTV,EQ,2022-10-13,INE811K01011
RALLIS,EQ,2022-10-13,INE726V01018
RAMANEWS,EQ,2022-10-13,INE032B01021
RAMAPHO,EQ,2022-10-13,INE689W01016
RAMASTEEL,EQ,2022-10-13,INE974Z01015
RAMCOCEM,EQ,2022-10-13,INE583R01029
RAMCOIND,EQ,2022-10-13,INE959A01019
RAMCOSYS,EQ,2022-10-13,INE195N01013
RAMKY,EQ,2022-10-13,INE010A01011
RAMRAT,EQ,2022-10-13,INE00F201020
RANASUG,EQ,2022-10-13,INE608A01012
RANEENGINE,EQ,2022-10-13,INE488V01015
RANEHOLDIN,EQ,2022-10-13,INE877F01012
RATEGAIN,EQ,2022-10-13,INE034D01049
RATNAMANI,EQ,2022-10-13,INE277B01014
RAYMOND,EQ,2022-10-13,INE323I01011
RBA,EQ,2022-10-13,INE362A01016
RBL,EQ,2022-10-13,INE191H01014
RBLBANK,EQ,2022-10-13,INE615P01015
RCF,EQ,2022-10-13,INE306L01010
RCOM,EQ,2022-10-13,INE874F01027
REDINGTON,EQ,2022-10-13,INE562B01019
REFEX,EQ,2022-10-13,INE952H01027
REGENCERAM,EQ,2022-10-13,INE613A01020
RELAXO,EQ,2022-10-13,INE278B01020
RELCHEMQ,EQ,2022-10-13,INE809A01024
RELIANCE,EQ,2022-10-13,INE230R01035
RELIGARE,EQ,2022-10-13,INE331A01037
RELINFRA,EQ,2022-10-13,INE614A01028
REMSONSIND,EQ,2022-10-13,INE246B01019
RENUKA,EQ,2022-10-13,INE874I01013
REPCOHOME,EQ,2022-10-13,INE207E01023
REPL,EQ,2022-10-13,INE625B01014
REPRO,EQ,2022-10-13,INE222J01013
RESPONIND,EQ,2022-10-13,INE384A01010
REVATHI,EQ,2022-10-13,INE0CLI01024
RGL,EQ,2022-10-13,INE703B01027
RHIM,EQ,2022-10-13,INE976G01028
RICOAUTO,EQ,2022-10-13,INE027A01015
RIIL,BE,2022-10-13,INE330H01018
RITCO,EQ,2022-10-13,INE891D01026
RITES,EQ,2022-10-13,INE056I01017
RKDL,BE,2022-10-13,INE277C01012
RKEC,EQ,2022-10-13,INE131B01039
RKFORGE,EQ,2022-10-13,INE750D01016
RMCL,EQ,2022-10-13,INE002A01018
RML,EQ,2022-10-13,INE621H01010
ROHLTD,BE,2022-10-13,INE036A01016
ROLEXRINGS,EQ,2022-10-13,INE474C01015
ROLLT,EQ,2022-10-13,INE087H01022
ROLTA,EQ,2022-10-13,INE612J01015
ROML,EQ,2022-10-13,INE364Z01019
ROSSARI,EQ,2022-10-13,INE461B01014
ROSSELLIND,EQ,2022-10-13,INE688D01026
ROTO,EQ,2022-10-13,INE617A01013
ROUTE,EQ,2022-10-13,INE722H01024
RPGLIFE,EQ,2022-10-13,INE743M01012
RPOWER,EQ,2022-10-13,INE209B01025
RPPINFRA,EQ,2022-10-13,INE046A01015
RPPL,BE,2022-10-13,INE01EG01016
RPSGVENT,EQ,2022-10-13,INE320J01015
RSSOFTWARE,EQ,2022-10-13,INE722J01012
RSWM,EQ,2022-10-13,INE786W01010
RSYSTEMS,EQ,2022-10-13,INE399G01023
RTNINDIA,BZ,2022-10-13,INE172H01014
RTNPOWER,EQ,2022-10-13,INE050H01012
RUBYMILLS,EQ,2022-10-13,INE283H01019
RUCHINFRA,EQ,2022-10-13,INE645S01016
RUCHIRA,EQ,2022-10-13,INE927A01040
RUPA,BE,2022-10-13,INE293A01013
RUSHIL,BE,2022-10-13,INE294G01026
RVHL,EQ,2022-10-13,INE02A801020
RVNL,EQ,2022-10-13,INE847C01020
S&SPOWER,EQ,2022-10-13,INE535D01029
SABEVENTS,EQ,2022-10-13,INE450U01017
SADBHAV,EQ,2022-10-13,INE105J01010
SADBHIN,BE,2022-10-13,INE614G01033
SAFARI,EQ,2022-10-13,INE324L01013
SAGARDEEP,EQ,2022-10-13,INE760W01015
SAGCEM,EQ,2022-10-13,INE425Y01011
SAIL,EQ,2022-10-13,INE165B01029
SAKAR,EQ,2022-10-13,INE611A01016
SAKHTISUG,EQ,2022-10-13,INE411H01032
SAKSOFT,EQ,2022-10-13,INE834M01019
SAKUMA,EQ,2022-10-13,INE399K01017
SALASAR,EQ,2022-10-13,INE301D01026
SALONA,BE,2022-10-13,INE413B01023
SALSTEEL,EQ,2022-10-13,INE803H01014
SALZERELEC,EQ,2022-10-13,INE895B01021
SAMBHAAV,EQ,2022-10-13,INE573K01017
SANCO,EQ,2022-10-13,INE09E501017
SANDESH,EQ,2022-10-13,INE415G01027
SANDHAR,BE,2022-10-13,INE902B01017
SANGAMIND,EQ,2022-10-13,INE860T01019
SANGHIIND,EQ,2022-10-13,INE226H01026
SANGHVIMOV,EQ,2022-10-13,INE764L01010
SANGINITA,EQ,2022-10-13,INE429E01023
SANOFI,EQ,2022-10-13,INE976T01013
SANSERA,EQ,2022-10-13,INE229C01021
SANWARIA,EQ,2022-10-13,INE114A01011
SAPPHIRE,EQ,2022-10-13,INE732S01012
SARDAEN,EQ,2022-10-13,INE623A01011
SAREGAMA,EQ,2022-10-13,INE667G01023
SARLAPOLY,EQ,2022-10-13,INE190H01024
SASKEN,EQ,2022-10-13,INE170V01027
SASTASUNDR,EQ,2022-10-13,INE498E01010
SATHAISPAT,EQ,2022-10-13,INE658G01014
SATIA,EQ,2022-10-13,INE457F01013
SATIN,BE,2022-10-13,INE699B01027
SBC,BE,2022-10-13,INE782L01012
SBCL,EQ,2022-10-13,INE583B01015
SBICARD,EQ,2022-10-13,INE278H01035
SBILIFE,EQ,2022-10-13,INE495C01010
SBIN,BE,2022-10-13,INE999B01013
SCAPDVR,EQ,2022-10-13,INE989A01024
SCHAEFFLER,EQ,2022-10-13,INE753W01010
SCHAND,EQ,2022-10-13,INE058A01010
SCHNEIDER,EQ,2022-10-13,INE953O01021
SCI,BZ,2022-10-13,INE890C01046
SDBL,EQ,2022-10-13,INE806T01012
SEAMECLTD,EQ,2022-10-13,INE385C01013
SECURKLOUD,EQ,2022-10-13,INE979A01025
SELAN,EQ,2022-10-13,INE453D01025
SELMC,EQ,2022-10-13,INE231F01020
SEPC,EQ,2022-10-13,INE019J01013
SEPOWER,BE,2022-10-13,INE176C01016
SEQUENT,EQ,2022-10-13,INE170E01023
SERVOTECH,EQ,2022-10-13,INE836B01017
SESHAPAPER,EQ,2022-10-13,INE04AK01028
SETCO,EQ,2022-10-13,INE386D01027
SETUINFRA,EQ,2022-10-13,INE018E01016
SFL,EQ,2022-10-13,INE123W01016
SGIL,EQ,2022-10-13,INE062A01020
SGL,EQ,2022-10-13,INE224E01036
SHAHALLOYS,EQ,2022-10-13,INE513A01022
SHAILY,EQ,2022-10-13,INE807K01035
SHAKTIPUMP,EQ,2022-10-13,INE839M01018
SHALBY,EQ,2022-10-13,INE109A01011
SHALPAINTS,EQ,2022-10-13,INE480C01020
SHANKARA,EQ,2022-10-13,INE497B01018
SHANTI,EQ,2022-10-13,INE650K01021
SHANTIGEAR,EQ,2022-10-13,INE818A01017
SHARDACROP,BE,2022-10-13,INE105I01020
SHARDAMOTR,EQ,2022-10-13,INE964H01014
SHAREINDIA,EQ,2022-10-13,INE735M01018
SHEMAROO,EQ,2022-10-13,INE807F01027
SHILPAMED,BE,2022-10-13,INE782X01017
SHIVALIK,EQ,2022-10-13,INE630A01024
SHIVAMAUTO,EQ,2022-10-13,INE878E01021
SHIVAMILLS,EQ,2022-10-13,INE023M01027
SHIVATEX,EQ,2022-10-13,INE916U01025
SHK,EQ,2022-10-13,INE00QT01015
SHOPERSTOP,EQ,2022-10-13,INE353H01010
SHRADHA,EQ,2022-10-13,INE640C01011
SHREDIGCEM,EQ,2022-10-13,INE151G01010
SHREECEM,EQ,2022-10-13,INE908D01010
SHREEPUSHK,EQ,2022-10-13,INE597J01018
SHREERAMA,EQ,2022-10-13,INE849C01026
SHRENIK,EQ,2022-10-13,INE274V01019
SHREYANIND,EQ,2022-10-13,INE933X01016
SHREYAS,EQ,2022-10-13,INE631A01022
SHRIPISTON,EQ,2022-10-13,INE221J01015
SHRIRAMCIT,EQ,2022-10-13,INE597I01028
SHRIRAMPPS,EQ,2022-10-13,INE932X01018
SHYAMCENT,EQ,2022-10-13,INE363M01019
SHYAMMETL,EQ,2022-10-13,INE790G01031
SHYAMTEL,EQ,2022-10-13,INE788J01021
SIEMENS,EQ,2022-10-13,INE637H01024
SIGACHI,EQ,2022-10-13,INE644Y01017
SIGIND,EQ,2022-10-13,INE705C01020
SIKKO,EQ,2022-10-13,INE500L01026
SIL,EQ,2022-10-13,INE498B01024
SILGO,BE,2022-10-13,INE715Y01015
SILINV,EQ,2022-10-13,INE232A01011
SILLYMONKS,EQ,2022-10-13,INE070A01015
SILVERTUC,EQ,2022-10-13,INE712K01011
SIMBHALS,BE,2022-10-13,INE879A01019
SIMPLEXINF,EQ,2022-10-13,INE632X01030
SINTERCOM,EQ,2022-10-13,INE231C01019
SIRCA,EQ,2022-10-13,INE757B01015
SIS,BE,2022-10-13,INE526E01018
SITINET,EQ,2022-10-13,INE722A01011
SIYSIL,EQ,2022-10-13,INE217L01019
SJS,EQ,2022-10-13,INE979R01011
SJVN,EQ,2022-10-13,INE810G01011
SKFINDIA,BE,2022-10-13,INE635A01023
SKIPPER,EQ,2022-10-13,INE003A01024
SKMEGGPROD,EQ,2022-10-13,INE0D0K01014
SMARTLINK,EQ,2022-10-13,INE529F01035
SMCGLOBAL,EQ,2022-10-13,INE112X01017
SMLISUZU,BE,2022-10-13,INE173A01025
SMLT,EQ,2022-10-13,INE01II01013
SMSLIFE,EQ,2022-10-13,INE923A01015
SMSPHARMA,EQ,2022-10-13,INE203Y01012
SNOWMAN,BE,2022-10-13,INE625X01018
SOBHA,EQ,2022-10-13,INE748T01016
SOFTTECH,EQ,2022-10-13,INE059B01024
SOLARA,EQ,2022-10-13,INE129Z01016
SOLARINDS,EQ,2022-10-13,INE792Z01011
SOMANYCERA,EQ,2022-10-13,INE285J01028
SOMATEX,EQ,2022-10-13,INE965H01011
SOMICONVEY,EQ,2022-10-13,INE076B01028
SONACOMS,EQ,2022-10-13,INE284S01014
SONAMCLOCK,EQ,2022-10-13,INE002L01015
SONATSOFTW,EQ,2022-10-13,INE640A01023
SOTL,EQ,2022-10-13,INE439E01022
SOUTHBANK,BE,2022-10-13,INE411D01015
SOUTHWEST,EQ,2022-10-13,INE178C01020
SPAL,EQ,2022-10-13,INE103C01036
SPANDANA,EQ,2022-10-13,INE294B01019
SPARC,EQ,2022-10-13,INE017W01010
SPCENET,EQ,2022-10-13,INE320X01016
SPECIALITY,EQ,2022-10-13,INE812G01025
SPENCERS,EQ,2022-10-13,INE734N01019
SPIC,EQ,2022-10-13,INE671H01015
SPICEJET,EQ,2022-10-13,INE728Z01015
SPLIL,EQ,2022-10-13,INE624Z01016
SPLPETRO,EQ,2022-10-13,INE343H01029
SPMLINFRA,EQ,2022-10-13,INE355A01028
SPORTKING,EQ,2022-10-13,INE314C01013
SPTL,BE,2022-10-13,INE323J01019
SREEL,EQ,2022-10-13,INE073K01018
SRF,EQ,2022-10-13,INE00LM01011
SRHHYPOLTD,EQ,2022-10-13,INE269A01021
SRPL,EQ,2022-10-13,INE035D01020
SSWL,BE,2022-10-13,INE501W01021
STAR,EQ,2022-10-13,INE099F01013
STARCEMENT,EQ,2022-10-13,INE647A01010
STARHEALTH,EQ,2022-10-13,INE917H01012
STARPAPER,EQ,2022-10-13,INE008Z01012
STARTECK,EQ,2022-10-13,INE802C01025
STCINDIA,EQ,2022-10-13,INE939A01011
STEELCAS,EQ,2022-10-13,INE460H01021
STEELCITY,EQ,2022-10-13,INE575P01011
STEELXIND,EQ,2022-10-13,INE733A01018
STEL,EQ,2022-10-13,INE992I01013
STERTOOLS,EQ,2022-10-13,INE655A01013
STLTECH,EQ,2022-10-13,INE124E01020
STOVEKRAFT,EQ,2022-10-13,INE395H01011
STYLAMIND,EQ,2022-10-13,INE503B01021
SUBCAPCITY,EQ,2022-10-13,INE577L01016
SUBEXLTD,EQ,2022-10-13,INE334A01023
SUBROS,EQ,2022-10-13,INE089C01029
SUDARSCHEM,EQ,2022-10-13,INE00IN01015
SUMEETINDS,EQ,2022-10-13,INE239C01020
SUMICHEM,EQ,2022-10-13,INE845C01016
SUMIT,EQ,2022-10-13,INE754A01055
SUMMITSEC,EQ,2022-10-13,INE287B01021
SUNCLAYLTD,EQ,2022-10-13,INE659A01023
SUNDARAM,EQ,2022-10-13,INE235C01010
SUNDARMFIN,EQ,2022-10-13,INE258G01013
SUNDARMHLD,BE,2022-10-13,INE748Z01013
SUNDRMBRAK,EQ,2022-10-13,INE519C01017
SUNDRMFAST,EQ,2022-10-13,INE105A01035
SUNFLAG,EQ,2022-10-13,INE108E01023
SUNPHARMA,EQ,2022-10-13,INE660A01013
SUNTECK,EQ,2022-10-13,INE202Z01029
SUNTV,EQ,2022-10-13,INE073D01013
SUPERHOUSE,EQ,2022-10-13,INE387A01021
SUPERSPIN,EQ,2022-10-13,INE947A01014
SUPRAJIT,EQ,2022-10-13,INE044A01036
SUPREMEENG,EQ,2022-10-13,INE805D01034
SUPREMEIND,EQ,2022-10-13,INE424H01027
SUPREMEINF,EQ,2022-10-13,INE712B01010
SUPRIYA,EQ,2022-10-13,INE662A01027
SURANASOL,EQ,2022-10-13,INE399C01030
SURANAT&P,EQ,2022-10-13,INE319Z01021
SURYALAXMI,EQ,2022-10-13,INE195A01028
SURYAROSNI,BE,2022-10-13,INE550H01011
SURYODAY,EQ,2022-10-13,INE07RO01027
SUTLEJTEX,EQ,2022-10-13,INE272L01022
SUULD,EQ,2022-10-13,INE130B01031
SUVEN,EQ,2022-10-13,INE713B01026
SUVENPHAR,EQ,2022-10-13,INE335A01012
SUVIDHAA,EQ,2022-10-13,INE428Q01011
SUZLON,EQ,2022-10-13,INE645H01027
SUZLON-RE,EQ,2022-10-13,INE591Q01016
SVPGLOB,EQ,2022-10-13,INE495B01038
SWANENERGY,EQ,2022-10-13,INE03QK01018
SWARAJENG,EQ,2022-10-13,INE018401013
SWELECTES,EQ,2022-10-13,INE040H01021
SWSOLAR,BE,2022-10-13,INE040H20013
SYMPHONY,EQ,2022-10-13,INE308E01029
SYNGENE,EQ,2022-10-13,INE665A01038
SYRMA,EQ,2022-10-13,INE277A01016
TAINWALCHM,EQ,2022-10-13,INE409B01013
TAJGVK,EQ,2022-10-13,INE00M201021
TAKE,EQ,2022-10-13,INE225D01027
TALBROAUTO,EQ,2022-10-13,INE398R01022
TANLA,EQ,2022-10-13,INE0DYJ01015
TANTIACONS,EQ,2022-10-13,INE123C01018
TARAPUR,EQ,2022-10-13,INE586B01026
TARC,EQ,2022-10-13,INE142I01023
TARMAT,EQ,2022-10-13,INE187D01011
TARSONS,EQ,2022-10-13,INE483C01032
TASTYBITE,BZ,2022-10-13,INE388G01018
TATACHEM,EQ,2022-10-13,INE747K01017
TATACOFFEE,EQ,2022-10-13,INE0EK901012
TATACOMM,EQ,2022-10-13,INE924H01018
TATACONSUM,EQ,2022-10-13,INE144Z01023
TATAELXSI,EQ,2022-10-13,INE488B01017
TATAINVEST,EQ,2022-10-13,INE092A01019
TATAMETALI,EQ,2022-10-13,INE493A01027
TATAMOTORS,EQ,2022-10-13,INE151A01013
TATAMTRDVR,EQ,2022-10-13,INE192A01025
TATAPOWER,EQ,2022-10-13,INE670A01012
TATASTEEL,EQ,2022-10-13,INE672A01018
TATASTLLP,EQ,2022-10-13,INE056C01010
TATVA,EQ,2022-10-13,INE155A01022
TBZ,EQ,2022-10-13,IN9155A01020
TCI,EQ,2022-10-13,INE245A01021
TCIDEVELOP,EQ,2022-10-13,INE081A01020
TCIEXP,EQ,2022-10-13,INE674A01014
TCNSBRANDS,EQ,2022-10-13,INE0GK401011
TCPLPACK,EQ,2022-10-13,INE760L01018
TCS,EQ,2022-10-13,INE688A01022
TDPOWERSYS,EQ,2022-10-13,INE662L01016
TEAMLEASE,EQ,2022-10-13,INE586V01016
TECHIN,EQ,2022-10-13,INE778U01029
TECHM,EQ,2022-10-13,INE822C01015
TECHNOE,EQ,2022-10-13,INE467B01029
TEGA,EQ,2022-10-13,INE419M01019
TEJASNET,EQ,2022-10-13,INE985S01024
TEMBO,EQ,2022-10-13,INE778A01021
TERASOFT,EQ,2022-10-13,INE669C01036
TEXINFRA,EQ,2022-10-13,INE285K01026
TEXMOPIPES,EQ,2022-10-13,INE011K01018
TEXRAIL,EQ,2022-10-13,INE010J01012
TFCILTD,EQ,2022-10-13,INE869Y01010
TFL,EQ,2022-10-13,INE482B01010
TGBHOTELS,EQ,2022-10-13,INE435C01024
THANGAMAYL,EQ,2022-10-13,INE141K01013
THEINVEST,EQ,2022-10-13,INE621L01012
THEMISMED,EQ,2022-10-13,INE305A01015
THERMAX,BE,2022-10-13,INE804H01012
THOMASCOOK,EQ,2022-10-13,INE797H01018
THOMASCOTT,EQ,2022-10-13,INE085J01014
THYROCARE,EQ,2022-10-13,INE924D01017
TI,EQ,2022-10-13,INE083B01016
TIDEWATER,EQ,2022-10-13,INE152A01029
TIIL,EQ,2022-10-13,INE332A01027
TIINDIA,BE,2022-10-13,INE480M01011
TIJARIA,EQ,2022-10-13,INE594H01019
TIL,EQ,2022-10-13,INE133E01013
TIMESGTY,EQ,2022-10-13,INE484C01030
TIMETECHNO,EQ,2022-10-13,INE545H01011
TIMKEN,EQ,2022-10-13,INE974X01010
TINPLATE,EQ,2022-10-13,INE440L01017
TIPSFILMS,EQ,2022-10-13,INE806C01018
TIPSINDLTD,EQ,2022-10-13,INE289C01025
TIRUMALCHM,EQ,2022-10-13,INE508G01029
TIRUPATIFL,EQ,2022-10-13,INE325A01013
TITAN,EQ,2022-10-13,INE422C01014
TMB,BE,2022-10-13,INE0LQS01015
TNPETRO,EQ,2022-10-13,INE716B01011
TNPL,EQ,2022-10-13,INE338A01024
TNTELE,EQ,2022-10-13,INE319Y01024
TOKYOPLAST,EQ,2022-10-13,INE280A01028
TORNTPHARM,EQ,2022-10-13,INE668A01016
TORNTPOWER,EQ,2022-10-13,INE148A01019
TOTAL,EQ,2022-10-13,INE107A01015
TOUCHWOOD,BE,2022-10-13,INE141D01018
TPLPLASTEH,EQ,2022-10-13,INE932C01012
TREEHOUSE,EQ,2022-10-13,INE685A01028
TREJHARA,EQ,2022-10-13,INE813H01021
TRENT,EQ,2022-10-13,INE336X01012
TRF,BE,2022-10-13,INE486Y01013
TRIDENT,EQ,2022-10-13,INE413G01014
TRIGYN,EQ,2022-10-13,INE040M01013
TRIL,EQ,2022-10-13,INE00CA01015
TRITURBINE,EQ,2022-10-13,INE849A01020
TRIVENI,EQ,2022-10-13,INE391D01019
TRU,EQ,2022-10-13,INE064C01022
TTKHLTCARE,EQ,2022-10-13,INE948A01012
TTKPRESTIG,EQ,2022-10-13,INE763I01026
TTL,EQ,2022-10-13,INE152M01016
TTML,EQ,2022-10-13,INE256C01024
TV18BRDCST,EQ,2022-10-13,INE615R01029
TVSELECT,EQ,2022-10-13,INE910C01018
TVSMOTOR,EQ,2022-10-13,INE690A01028
TVSSRICHAK,EQ,2022-10-13,INE592B01016
TVTODAY,BE,2022-10-13,INE517B01013
TVVISION,EQ,2022-10-13,INE886H01027
TWL,EQ,2022-10-13,INE236G01019
UBL,EQ,2022-10-13,INE494B01023
UCALFUEL,EQ,2022-10-13,INE421C01016
UCOBANK,EQ,2022-10-13,INE038F01029
UDAICEMENT,BE,2022-10-13,INE871L01013
UFLEX,BE,2022-10-13,INE615H01020
UFO,EQ,2022-10-13,INE686F01025
UGARSUGAR,EQ,2022-10-13,INE139B01016
UJAAS,BE,2022-10-13,INE899L01022
UJJIVAN,EQ,2022-10-13,INE334L01012
UJJIVANSFB,EQ,2022-10-13,INE551W01018
ULTRACEMCO,EQ,2022-10-13,INE481G01011
UMAEXPORTS,EQ,2022-10-13,INE0GIU01018
UMANGDAIRY,EQ,2022-10-13,INE864B01027
UMESLTD,EQ,2022-10-13,INE240C01028
UNICHEMLAB,EQ,2022-10-13,INE351A01035
UNIDT,EQ,2022-10-13,INE961D01019
UNIENTER,EQ,2022-10-13,INE037A01022
UNIINFO,EQ,2022-10-13,INE481Z01011
UNIONBANK,EQ,2022-10-13,INE692A01016
UNITECH,BZ,2022-10-13,INE694A01020
UNITEDPOLY,EQ,2022-10-13,INE368U01011
UNITEDTEA,EQ,2022-10-13,INE458F01011
UNIVASTU,EQ,2022-10-13,INE562X01013
UNIVCABLES,EQ,2022-10-13,INE279A01012
UNIVPHOTO,EQ,2022-10-13,INE03V001013
UNOMINDA,EQ,2022-10-13,INE405E01023
UPL,EQ,2022-10-13,INE628A01036
URJA,BE,2022-10-13,INE550C01020
USHAMART,EQ,2022-10-13,INE228A01035
UTIAMC,EQ,2022-10-13,INE094J01016
UTTAMSTL,BE,2022-10-13,INE699A01011
UTTAMSUGAR,EQ,2022-10-13,INE786F01031
V2RETAIL,EQ,2022-10-13,INE945H01013
VADILALIND,EQ,2022-10-13,INE694D01016
VAIBHAVGBL,EQ,2022-10-13,INE884A01027
VAISHALI,EQ,2022-10-13,INE972X01014
VAKRANGEE,EQ,2022-10-13,INE051B01021
VALIANTORG,EQ,2022-10-13,INE565V01010
VARDHACRLC,EQ,2022-10-13,INE116G01013
VARDMNPOLY,EQ,2022-10-13,INE835A01011
VARROC,EQ,2022-10-13,INE665L01035
VASCONEQ,EQ,2022-10-13,INE893I01013
VASWANI,EQ,2022-10-13,INE590L01019
VBL,EQ,2022-10-13,INE200M01013
VCL,EQ,2022-10-13,INE098201028
VEDL,EQ,2022-10-13,INE205A01025
VENKEYS,EQ,2022-10-13,INE398A01010
VENUSPIPES,EQ,2022-10-13,INE0JA001018
VENUSREM,EQ,2022-10-13,INE411B01019
VERANDA,EQ,2022-10-13,INE0IQ001011
VERTOZ,EQ,2022-10-13,INE188Y01015
VESUVIUS,EQ,2022-10-13,INE386A01015
VETO,EQ,2022-10-13,INE918N01018
VGUARD,EQ,2022-10-13,INE951I01027
VHL,EQ,2022-10-13,INE701A01023
VIDHIING,EQ,2022-10-13,INE632C01026
VIJAYA,EQ,2022-10-13,INE043W01024
VIJIFIN,EQ,2022-10-13,INE159N01027
VIKASECO,EQ,2022-10-13,INE806A01020
VIKASLIFE,EQ,2022-10-13,INE161L01027
VIKASPROP,BE,2022-10-13,INE767B01022
VIKASWSP,BZ,2022-10-13,INE706A01022
VIMTALABS,EQ,2022-10-13,INE579C01029
VINATIORGA,EQ,2022-10-13,INE410B01037
VINDHYATEL,EQ,2022-10-13,INE707A01012
VINEETLAB,EQ,2022-10-13,INE505Y01010
VINYLINDIA,BE,2022-10-13,INE250B01029
VIPCLOTHNG,EQ,2022-10-13,INE450G01024
VIPIND,EQ,2022-10-13,INE054A01027
VIPULLTD,EQ,2022-10-13,INE946H01037
VISAKAIND,EQ,2022-10-13,INE392A01013
VISASTEEL,EQ,2022-10-13,INE286H01012
VISESHINFO,EQ,2022-10-13,INE861A01058
VISHAL,EQ,2022-10-13,INE755Q01025
VISHNU,EQ,2022-10-13,INE270I01014
VISHWARAJ,EQ,2022-10-13,INE430N01022
VIVIDHA,EQ,2022-10-13,INE370E01029
VIVIMEDLAB,EQ,2022-10-13,INE526G01021
VLSFINANCE,EQ,2022-10-13,INE709A01018
VMART,EQ,2022-10-13,INE665J01013
VOLTAMP,EQ,2022-10-13,INE540H01012
VOLTAS,EQ,2022-10-13,INE226A01021
VRLLOG,EQ,2022-10-13,INE366I01010
VSSL,EQ,2022-10-13,INE050M01012
VSTIND,EQ,2022-10-13,INE710A01016
VSTTILLERS,EQ,2022-10-13,INE764D01017
VTL,EQ,2022-10-13,INE825A01020
WABAG,EQ,2022-10-13,INE956G01038
WALCHANNAG,BE,2022-10-13,INE711A01022
WANBURY,BE,2022-10-13,INE107F01022
WATERBASE,EQ,2022-10-13,INE054C01015
WEALTH,EQ,2022-10-13,INE658T01017
WEBELSOLAR,EQ,2022-10-13,INE855C01015
WEIZMANIND,EQ,2022-10-13,INE080A01014
WELCORP,EQ,2022-10-13,INE191B01025
WELENT,EQ,2022-10-13,INE625G01013
WELINV,EQ,2022-10-13,INE389K01018
WELSPUNIND,EQ,2022-10-13,INE192B01031
WENDT,EQ,2022-10-13,INE274C01019
WESTLIFE,EQ,2022-10-13,INE274F01020
WEWIN,BE,2022-10-13,INE082W01014
WFL,EQ,2022-10-13,INE02WG01016
WHEELS,EQ,2022-10-13,INE715A01015
WHIRLPOOL,EQ,2022-10-13,INE716A01013
WILLAMAGOR,BE,2022-10-13,INE210A01017
WINDLAS,EQ,2022-10-13,INE0H5O01029
WINDMACHIN,EQ,2022-10-13,INE052A01021
WINPRO,EQ,2022-10-13,INE974C01022
WIPL,BE,2022-10-13,INE215F01023
WIPRO,EQ,2022-10-13,INE075A01022
WOCKPHARMA,EQ,2022-10-13,INE049B01025
WONDERLA,EQ,2022-10-13,INE066O01014
WORTH,EQ,2022-10-13,INE196Y01018
WSTCSTPAPR,EQ,2022-10-13,INE976A01021
XCHANGING,EQ,2022-10-13,INE692G01013
XELPMOC,EQ,2022-10-13,INE01P501012
XPROINDIA,EQ,2022-10-13,INE445C01015
YAARI,EQ,2022-10-13,INE126M01010
YESBANK,EQ,2022-10-13,INE528G01035
YUKEN,EQ,2022-10-13,INE384C01016
ZEEL,EQ,2022-10-13,INE256A01028
ZEELEARN,EQ,2022-10-13,INE565L01011
ZEEMEDIA,BE,2022-10-13,INE966H01019
ZENITHEXPO,EQ,2022-10-13,INE058B01018
ZENITHSTL,EQ,2022-10-13,INE318D01020
ZENSARTECH,EQ,2022-10-13,INE520A01027
ZENTEC,EQ,2022-10-13,INE251B01027
ZFCVINDIA,EQ,2022-10-13,INE342J01019
ZODIAC,EQ,2022-10-13,INE761Y01019
ZODIACLOTH,EQ,2022-10-13,INE206B01013
ZOMATO,EQ,2022-10-13,INE758T01015
ZOTA,EQ,2022-10-13,INE358U01012
ZUARI,EQ,2022-10-13,INE840M01016
ZUARIIND,EQ,2022-10-13,INE217A01012
ZYDUSLIFE,EQ,2022-10-13,INE010B01027
ZYDUSWELL,EQ,2022-10-13,INE768C01010
